fundmanager_shortname,id,fundmanager_id,fundtype_id,fundname,nif,constdate,amount,notes,fundlongname,cnmvpdf
EUROPEA,1,1,1,"BANCAJA 3",V83385542,"2002-07-29 00:00:00",520884293.07,http://www.cnmv.es/Portal/verDoc.axd?t={8caa7069-42e8-45c6-b910-2214719dfbe4},"BANCAJA 3, FONDO DE TITULIZACION DE ACTIVOS",8caa7069-42e8-45c6-b910-2214719dfbe4
EUROPEA,2,1,1,"BANCAJA 4",V83458455,"2002-11-05 00:00:00",1000001401.71,http://www.cnmv.es/Portal/verDoc.axd?t={d3dd97a4-9cc3-4907-b34d-4ab2343df0eb},"BANCAJA 4, FONDO DE TITULIZACION HIPOTECARIA",d3dd97a4-9cc3-4907-b34d-4ab2343df0eb
EUROPEA,3,1,1,"BANCAJA 5",V83624684,"2006-02-02 00:00:00",NULL,http://www.cnmv.es/Portal/verDoc.axd?t={bfe5a86c-3081-4764-887e-8eb226c9756f},"BANCAJA 5, FONDO DE TITULIZACION DE ACTIVOS",bfe5a86c-3081-4764-887e-8eb226c9756f
EUROPEA,4,1,1,"BANCAJA 7",V84054840,"2004-07-12 00:00:00",0.00,http://www.cnmv.es/Portal/verDoc.axd?t={f11d17ed-e528-450b-8b63-669be3bb89b7},"BANCAJA 7, FONDO DE TITULIZACION DE ACTIVOS",f11d17ed-e528-450b-8b63-669be3bb89b7
EUROPEA,5,1,1,"BANCAJA 8",V84322205,"2005-04-22 00:00:00",1.00,http://www.cnmv.es/Portal/verDoc.axd?t={9795a22d-6880-448c-9838-f2b37bacb680},"BANCAJA 8, FONDO DE TITULIZACION DE ACTIVOS",9795a22d-6880-448c-9838-f2b37bacb680
EUROPEA,6,1,1,"BANCAJA 9",V84593961,"2006-02-02 00:00:00",NULL,NULL,"BANCAJA 9, FONDO DE TITULIZACION DE ACTIVOS",NULL
EUROPEA,7,1,1,"BANCAJA 10",V84966126,"2007-01-26 00:00:00",NULL,NULL,"BANCAJA 10, FONDO DE TITULIZACION DE ACTIVOS",NULL
EUROPEA,8,1,1,"BANCAJA 11",V85164648,"2007-07-17 00:00:00",NULL,NULL,"BANCAJA 11, FONDO DE TITULIZACION DE ACTIVOS",041fc1f2-7077-4cc8-b30d-d9f492fc8552
EUROPEA,9,1,1,"BANCAJA 12",V85409100,"2008-04-09 00:00:00",NULL,NULL,"BANCAJA 12, FONDO DE TITULIZACION DE ACTIVOS",NULL
EUROPEA,10,1,1,"BANCAJA 13",V85587434,"2008-12-09 00:00:00",NULL,NULL,"BANCAJA 13, FONDO DE TITULIZACION DE ACTIVOS",NULL
EUROPEA,11,1,1,"BANCAJA LEASING 1",V85802601,"1980-01-01 00:00:00",NULL,NULL,"BANCAJA LEASING 1, FONDO DE TITULIZACION DE ACTIVOS",NULL
EUROPEA,12,1,1,"BANKIA PYME I",V86899804,"1980-01-01 00:00:00",NULL,NULL,"BANKIA PYME I, FONDO DE TITULIZACION DE ACTIVOS",NULL
EUROPEA,13,1,1,"BANKINTER 2 PYME",V84752872,"1980-01-01 00:00:00",NULL,http://www.cnmv.es/Portal/verDoc.axd?t={128f386c-1c5b-444b-b518-ac92ff2ea6e7},"BANKINTER 2 PYME FONDO DE TITULIZACION DE ACTIVOS",128f386c-1c5b-444b-b518-ac92ff2ea6e7
EUROPEA,14,1,1,"BANKINTER 3 FTPYME",V85264117,"1980-01-01 00:00:00",NULL,NULL,"BANKINTER 3 FTPYME FONDO DE TITULIZACION DE ACTIVOS",NULL
EUROPEA,15,1,1,"BANKINTER 3",V83123406,"1980-01-01 00:00:00",NULL,NULL,"BANKINTER 3, FONDO DE TITULIZACION HIPOTECARIA",NULL
EUROPEA,16,1,1,"BANKINTER 4 FTPYME",V85524791,"1980-01-01 00:00:00",NULL,NULL,"BANKINTER 4 FTPYME, FONDO DE TITULIZACION DE ACTIVOS",NULL
EUROPEA,17,1,1,"BANKINTER 4",V83419192,"1980-01-01 00:00:00",NULL,NULL,"BANKINTER 4, FONDO DE TITULIZACION HIPOTECARIA",NULL
EUROPEA,18,1,1,"BANKINTER 6",V83756114,"1980-01-01 00:00:00",NULL,NULL,"BANKINTER 6, FONDO DE TITULIZACION DE ACTIVOS",NULL
EUROPEA,19,1,1,"BANKINTER 7",V83907055,"1980-01-01 00:00:00",NULL,NULL,"BANKINTER 7, FONDO DE TITULIZACION HIPOTECARIA",NULL
EUROPEA,20,1,1,"BANKINTER 8",V83923425,"1980-01-01 00:00:00",NULL,NULL,"BANKINTER 8, FONDO DE TITULIZACION DE ACTIVOS",NULL
EUROPEA,21,1,1,"BANKINTER 9",V84246099,"1980-01-01 00:00:00",NULL,NULL,"BANKINTER 9, FONDO DE TITULIZACION DE ACTIVOS",NULL
EUROPEA,22,1,1,"BANKINTER 11",V84520899,"1980-01-01 00:00:00",NULL,NULL,"BANKINTER 11, FONDO DE TITULIZACION HIPOTECARIA",NULL
EUROPEA,23,1,1,"BANKINTER 12",V84634575,"1980-01-01 00:00:00",NULL,NULL,"BANKINTER 12, FONDO DE TITULIZACION HIPOTECARIA",NULL
EUROPEA,24,1,1,"BANKINTER 13",V84892272,"1980-01-01 00:00:00",NULL,NULL,"BANKINTER 13 FONDO DE TITULIZACION DE ACTIVOS",NULL
EUROPEA,25,1,1,"BANKINTER 14",V85034130,"1980-01-01 00:00:00",NULL,NULL,"BANKINTER 14, FONDO DE TITULIZACION HIPOTECARIA",NULL
EUROPEA,26,1,1,"BANKINTER 15",V85232072,"1980-01-01 00:00:00",NULL,NULL,"BANKINTER 15 FONDO DE TITULIZACION HIPOTECARIA",NULL
EUROPEA,27,1,1,"BANKINTER 16",V85380764,"1980-01-01 00:00:00",NULL,NULL,"BANKINTER 16, FONDO DE TITULIZACION DE ACTIVOS",NULL
EUROPEA,28,1,1,"BANKINTER 17",V85460590,"1980-01-01 00:00:00",NULL,NULL,"BANKINTER 17 FONDO DE TITULIZACION DE ACTIVOS",NULL
EUROPEA,29,1,1,"BANKINTER 18",V85565604,"1980-01-01 00:00:00",NULL,NULL,"BANKINTER 18,FONDO DE TITULIZACION DE ACTIVOS",NULL
EUROPEA,30,1,1,"BANKINTER 19",V85687887,"1980-01-01 00:00:00",NULL,NULL,"BANKINTER 19 FONDO DE TITULIZACION DE ACTIVOS",NULL
EUROPEA,31,1,1,"BANKINTER 20",V85999894,"1980-01-01 00:00:00",NULL,NULL,"BANKINTER 20, FONDO DE TITULIZACION DE ACTIVOS",NULL
EUROPEA,32,1,1,"BANKINTER EMPRESAS 1",V85658656,"1980-01-01 00:00:00",NULL,NULL,"BANKINTER EMPRESAS 1, FONDO DE TITULIZACION DE ACTIVOS",NULL
EUROPEA,33,1,1,"BBV-MBS I",V81335572,"1980-01-01 00:00:00",NULL,NULL,"BBV-MBS I, FONDO DE TITULIZACION HIPOTECARIA",NULL
EUROPEA,34,1,1,"BBVA-4 PYME",V84455740,"1980-01-01 00:00:00",NULL,NULL,"BBVA-4 PYME, FONDO DE TITULIZACION DE ACTIVOS",NULL
EUROPEA,35,1,1,"BBVA-5 FTPYME",V84859644,"1980-01-01 00:00:00",NULL,NULL,"BBVA-5 FTPYME, FONDO DE TITULIZACION DE ACTIVOS",NULL
EUROPEA,36,1,1,"BBVA-6 FTPYME",V85129138,"1980-01-01 00:00:00",NULL,NULL,"BBVA-6 FTPYME FONDO DE TITULIZACION DE ACTIVOS",NULL
EUROPEA,37,1,1,"BBVA-7 FTGENCAT",V85350304,"1980-01-01 00:00:00",NULL,NULL,"BBVA-7 FTGENCAT, FONDO DE TITULIZACION DE ACTIVOS",NULL
EUROPEA,38,1,1,"BBVA-8 FTPYME",V85496008,"1980-01-01 00:00:00",NULL,NULL,"BBVA-8 FTPYME FONDO DE TITULIZACION DE ACTIVOS",NULL
EUROPEA,39,1,1,"BBVA-9 PYME",V86623634,"1980-01-01 00:00:00",NULL,NULL,"BBVA-9 PYME FONDO DE TITULIZACION DE ACTIVOS",NULL
EUROPEA,40,1,1,"BBVA AUTOS 2",V84533793,"1980-01-01 00:00:00",NULL,NULL,"BBVA AUTOS 2 FONDO DE TITULIZACION DE ACTIVOS",NULL
EUROPEA,41,1,1,"BBVA CONSUMO 1",V84702752,"1980-01-01 00:00:00",NULL,NULL,"BBVA CONSUMO 1, FONDO DE TITULIZACION DE ACTIVOS",NULL
EUROPEA,42,1,1,"BBVA CONSUMO 2",V84901461,"1980-01-01 00:00:00",NULL,NULL,"BBVA CONSUMO 2, FONDO DE TITULIZACION DE ACTIVOS",NULL
EUROPEA,43,1,1,"BBVA CONSUMO 4",V85839009,"1980-01-01 00:00:00",NULL,NULL,"BBVA CONSUMO 4 FONDO DE TITULIZACION DE ACTIVOS",NULL
EUROPEA,44,1,1,"BBVA CONSUMO 5",V86102357,"1980-01-01 00:00:00",NULL,NULL,"BBVA CONSUMO 5, FONDO DE TITULIZACION DE ACTIVOS",NULL
EUROPEA,45,1,1,"BBVA CONSUMO 6",V87118782,"1980-01-01 00:00:00",NULL,NULL,"BBVA CONSUMO 6, FONDO DE TITULIZACION DE ACTIVOS",NULL
EUROPEA,46,1,1,"BBVA EMPRESAS 1",V85257657,"1980-01-01 00:00:00",NULL,NULL,"BBVA EMPRESAS 1, FONDO DE TITULIZACION DE ACTIVOS",NULL
EUROPEA,47,1,1,"BBVA EMPRESAS 2",V85653186,"1980-01-01 00:00:00",NULL,NULL,"BBVA EMPRESAS 2, FONDO DE TITULIZACION DE ACTIVOS",NULL
EUROPEA,48,1,1,"BBVA EMPRESAS 3",V85848422,"1980-01-01 00:00:00",NULL,NULL,"BBVA EMPRESAS 3, FONDO DE TITULIZACION DE ACTIVOS",NULL
EUROPEA,49,1,1,"BBVA EMPRESAS 4",V86005485,"1980-01-01 00:00:00",NULL,NULL,"BBVA EMPRESAS 4, FONDO DE TITULIZACION DE ACTIVOS",NULL
EUROPEA,50,1,1,"BBVA EMPRESAS 5",V86170537,"1980-01-01 00:00:00",NULL,NULL,"BBVA EMPRESAS 5, FONDO DE TITULIZACION DE ACTIVOS",NULL
EUROPEA,51,1,1,"BBVA EMPRESAS 6",V86359734,"1980-01-01 00:00:00",NULL,NULL,"BBVA EMPRESAS 6, FONDO DE TITULIZACION DE ACTIVOS",NULL
EUROPEA,52,1,1,"BBVA HIPOTECARIO 3",V84373000,"1980-01-01 00:00:00",NULL,NULL,"BBVA HIPOTECARIO 3, FONDO DE TITULIZACION DE ACTIVO",NULL
EUROPEA,53,1,1,"BBVA RMBS 1",V84994144,"1980-01-01 00:00:00",NULL,NULL,"BBVA RMBS 1, FONDO DE TITULIZACION DE ACTIVOS",NULL
EUROPEA,54,1,1,"BBVA RMBS 2",V85044451,"1980-01-01 00:00:00",NULL,NULL,"BBVA RMBS 2, FONDO DE TITULIZACION DE ACTIVOS",NULL
EUROPEA,55,1,1,"BBVA RMBS 3",V85172252,"1980-01-01 00:00:00",NULL,NULL,"BBVA RMBS 3, FONDO DE TITULIZACION DE ACTIVOS",NULL
EUROPEA,56,1,1,"BBVA RMBS 4",V85271229,"1980-01-01 00:00:00",NULL,NULL,"BBVA RMBS 4, FONDO DE TITULIZACION DE ACTIVOS",NULL
EUROPEA,57,1,1,"BBVA RMBS 5",V85447654,"1980-01-01 00:00:00",NULL,NULL,"BBVA RMBS 5 FONDO DE TITULIZACION DE ACTIVOS",NULL
EUROPEA,58,1,1,"BBVA RMBS 6",V85565612,"1980-01-01 00:00:00",NULL,NULL,"BBVA RMBS 6 FONDO DE TITULIZACION DE ACTIVOS",NULL
EUROPEA,59,1,1,"BBVA RMBS 7",V85576239,"1980-01-01 00:00:00",NULL,NULL,"BBVA RMBS 7, FONDO DE TITULIZACION DE ACTIVOS",NULL
EUROPEA,60,1,1,"BBVA RMBS 8",V85746469,"1980-01-01 00:00:00",NULL,NULL,"BBVA RMBS 8, FONDO DE TITULIZACION DE ACTIVOS",NULL
EUROPEA,61,1,1,"BBVA RMBS 9",V85936391,"1980-01-01 00:00:00",NULL,NULL,"BBVA RMBS 9, FONDO DE TITULIZACION DE ACTIVOS",NULL
EUROPEA,62,1,1,"BBVA RMBS 10",V86245453,"1980-01-01 00:00:00",NULL,NULL,"BBVA RMBS 10, FONDO DE TITULIZACION DE ACTIVOS",NULL
EUROPEA,63,1,1,"BBVA RMBS 11",V86488368,"1980-01-01 00:00:00",NULL,NULL,"BBVA RMBS 11, FONDO DE TITULIZACION DE ACTIVOS",NULL
EUROPEA,64,1,1,"BBVA RMBS 12",V86887791,"1980-01-01 00:00:00",NULL,NULL,"BBVA RMBS 12, FONDO DE TITULIZACION DE ACTIVOS",NULL
EUROPEA,65,1,1,"BBVA RMBS 13",V87061917,"1980-01-01 00:00:00",NULL,NULL,"BBVA RMBS 13, FONDO DE TITULIZACION DE ACTIVOS",NULL
EUROPEA,66,1,1,"BBVA RMBS 14",V87152336,"2014-11-24 00:00:00",NULL,NULL,"BBVA RMBS 14, FONDO DE TITULIZACIÃN DE ACTIVOS",NULL
EUROPEA,67,1,1,"BBVA RMBS 15",V87286803,"1980-01-01 00:00:00",NULL,NULL,"BBVA RMBS 15, FONDO DE TITULIZACION DE ACTIVOS",NULL
EUROPEA,68,1,1,"BZ HIPOTECARIO 1",V82311796,"1980-01-01 00:00:00",NULL,NULL,"BZ HIPOTECARIO 1 FONDO DE TITULIZACION HIPOTECARIA",NULL
EUROPEA,69,1,1,"BZ HIPOTECARIO 3",V83062406,"1980-01-01 00:00:00",NULL,NULL,"BZ HIPOTECARIO 3 FONDO DE TITULIZACION HIPOTECARIA",NULL
EUROPEA,70,1,1,"BZ HIPOTECARIO 4",V83483552,"1980-01-01 00:00:00",NULL,NULL,"BZ HIPOTECARIO 4 FONDO DE TITULIZACION HIPOTECARIA",NULL
EUROPEA,71,1,1,"CONSUMO BANCAJA 1",V84752856,"1980-01-01 00:00:00",NULL,NULL,"CONSUMO BANCAJA 1, FONDO DE TITULIZACION DE ACTIVOS",NULL
EUROPEA,72,1,1,"EDT FTPYME PASTOR 3",V84529460,"1980-01-01 00:00:00",NULL,NULL,"EDT FTPYME PASTOR 3, FONDO DE TITULIZACION DE ACTIVOS",NULL
EUROPEA,73,1,1,"FINANCIACION BANCAJA 1",V85597367,"1980-01-01 00:00:00",NULL,NULL,"FINANCIACION BANCAJA 1, FONDO DE TITULIZACION DE ACTIVOS",NULL
EUROPEA,74,1,1,BBVA-1,V82576786,"1980-01-01 00:00:00",NULL,NULL,"FONDO DE TITULIZACION DE ACTIVOS BBVA-1",NULL
EUROPEA,75,1,1,"BBVA-2 FTPYME ICO",V82835810,"1980-01-01 00:00:00",NULL,NULL,"FONDO DE TITULIZACION DE ACTIVOS BBVA-2 FTPYME ICO",NULL
EUROPEA,76,1,1,"FTPYME BANCAJA 1",V83250811,"2002-03-12 00:00:00",NULL,NULL,"FTPYME BANCAJA 1 FONDO DE TITULIZACION DE ACTIVOS",NULL
EUROPEA,77,1,1,"FTPYME BANCAJA 2",V83751495,"1980-01-01 00:00:00",NULL,NULL,"FTPYME BANCAJA 2 FONDO DE TITULIZACION DE ACTIVOS",NULL
EUROPEA,78,1,1,"FTPYME BANCAJA 3",V84126606,"1980-01-01 00:00:00",NULL,NULL,"FTPYME BANCAJA 3 FONDO DE TITULIZACION DE ACTIVOS",NULL
EUROPEA,79,1,1,"FTPYME BANCAJA 4",V84497775,"1980-01-01 00:00:00",NULL,NULL,"FTPYME BANCAJA 4 FONDO DE TITULIZACION DE ACTIVOS",NULL
EUROPEA,80,1,1,"FTPYME BANCAJA 6",V85220887,"1980-01-01 00:00:00",NULL,NULL,"FTPYME BANCAJA 6 FONDO DE TITULIZACION DE ACTIVOS",NULL
EUROPEA,81,1,1,"HIPOTECARIO 1",V80696289,"1980-01-01 00:00:00",NULL,NULL,"HIPOTECARIO 1 FONDO DE TITULIZACION HIPOTECARIA",NULL
EUROPEA,82,1,1,"HIPOTECARIO 2",V82191453,"1980-01-01 00:00:00",NULL,NULL,"HIPOTECARIO 2 FONDO DE TITULIZACION HIPOTECARIA",NULL
EUROPEA,83,1,1,"MBS BANCAJA 1",V83998518,"1980-01-01 00:00:00",NULL,NULL,"MBS BANCAJA 1 FONDO DE TITULIZACION DE ACTIVOS",NULL
EUROPEA,84,1,1,"MBS BANCAJA 2",V84388131,"1980-01-01 00:00:00",NULL,NULL,"MBS BANCAJA 2, FONDO DE TITULIZACION DE ACTIVOS",NULL
EUROPEA,85,1,1,"MBS BANCAJA 3",V84669332,"1980-01-01 00:00:00",NULL,NULL,"MBS BANCAJA 3, FONDO DE TITULIZACION DE ACTIVOS",NULL
EUROPEA,86,1,1,"MBS BANCAJA 4",V85082675,"1980-01-01 00:00:00",NULL,NULL,"MBS BANCAJA 4, FONDO DE TITULIZACION DE ACTIVOS",NULL
EUROPEA,87,1,1,"MBS BANCAJA 5",V85433803,"1980-01-01 00:00:00",NULL,NULL,"MBS BANCAJA 5 FONDO DE TITULIZACION DE ACTIVOS",NULL
EUROPEA,88,1,1,"MBS BANCAJA 6",V85623668,"1980-01-01 00:00:00",NULL,NULL,"MBS BANCAJA 6, FONDO DE TITULIZACION DE ACTIVOS",NULL
EUROPEA,89,1,1,"MBS BANCAJA 7",V86009974,"1980-01-01 00:00:00",NULL,NULL,"MBS BANCAJA 7, FONDO DE TITULIZACION DE ACTIVOS",NULL
EUROPEA,90,1,1,"MBS BANCAJA 8",V86106663,"1980-01-01 00:00:00",NULL,NULL,"MBS BANCAJA 8, FONDO DE TITULIZACIÃN DE ACTIVOS",NULL
EUROPEA,91,1,1,"PYME BANCAJA 5",V84838283,"1980-01-01 00:00:00",NULL,NULL,"PYME BANCAJA 5, FONDO DE TITULIZACION DE ACTIVOS",NULL
EUROPEA,92,1,1,"PYME BANCAJA 7",V85543189,"1980-01-01 00:00:00",NULL,NULL,"PYME BANCAJA 7, FONDO DE TITULIZACION DE ACTIVOS",NULL
EUROPEA,93,1,1,"PYME BANCAJA 8",V85755502,"1980-01-01 00:00:00",NULL,NULL,"PYME BANCAJA 8, FONDO DE TITULIZACION DE ACTIVOS",NULL
EUROPEA,94,1,1,"PYME VALENCIA 1",V85170629,"1980-01-01 00:00:00",NULL,NULL,"PYME VALENCIA 1, FONDO DE TITULIZACION DE ACTIVOS",NULL
EUROPEA,95,1,1,"PYME VALENCIA 2",V85657690,"1980-01-01 00:00:00",NULL,NULL,"PYME VALENCIA 2, FONDO DE TITULIZACION DE ACTIVOS",NULL
EUROPEA,96,1,1,"RURALPYME 2 FTPYME",V84899756,"1980-01-01 00:00:00",NULL,NULL,"RURALPYME 2 FTPYME FONDO DE TITULIZACION DE ACTIVOS",NULL
EUROPEA,97,1,1,"RURALPYME 3",V85302917,"1980-01-01 00:00:00",NULL,NULL,"RURALPYME 3, FONDO DE TITULIZACION DE ACTIVOS",NULL
EUROPEA,98,1,1,"RURAL HIPOTECARIO 1",V82579764,"1980-01-01 00:00:00",NULL,NULL,"RURAL HIPOTECARIO 1 FONDO DE TITULIZACION HIPOTECARIA",NULL
EUROPEA,99,1,1,"RURAL HIPOTECARIO GLOBAL I",V84511179,"1980-01-01 00:00:00",NULL,NULL,"RURAL HIPOTECARIO GLOBAL I, FTA",NULL
EUROPEA,100,1,1,"RURAL HIPOTECARIO II",V83012922,"1980-01-01 00:00:00",NULL,NULL,"RURAL HIPOTECARIO II FONDO DE TITULIZACION HIPOTECARIA",NULL
EUROPEA,101,1,1,"RURAL HIPOTECARIO III",V83317768,"1980-01-01 00:00:00",NULL,NULL,"RURAL HIPOTECARIO III FONDO DE TITULIZACION HIPOTECARIA",NULL
EUROPEA,102,1,1,"RURAL HIPOTECARIO IV",V83470823,"1980-01-01 00:00:00",NULL,NULL,"RURAL HIPOTECARIO IV FONDO DE TITULIZACION HIPOTECARIA",NULL
EUROPEA,103,1,1,"RURAL HIPOTECARIO V",V83788398,"1980-01-01 00:00:00",NULL,NULL,"RURAL HIPOTECARIO V FONDO DE TITULIZACION DE ACTIVOS",NULL
EUROPEA,104,1,1,"RURAL HIPOTECARIO VI",V84051077,"1980-01-01 00:00:00",NULL,NULL,"RURAL HIPOTECARIO VI, FONDO DE TITULIZACION DE ACTIVOS",NULL
EUROPEA,105,1,1,"RURAL HIPOTECARIO VII",V84329598,"1980-01-01 00:00:00",NULL,NULL,"RURAL HIPOTECARIO VII, FONDO DE TITULIZACION DE ACTIVOS",NULL
EUROPEA,106,1,1,"RURAL HIPOTECARIO VIII",V84722446,"1980-01-01 00:00:00",NULL,NULL,"RURAL HIPOTECARIO VIII, FONDO DE TITULIZACION DE ACTIVOS",NULL
EUROPEA,107,1,1,"RURAL HIPOTECARIO IX",V85049039,"1980-01-01 00:00:00",NULL,NULL,"RURAL HIPOTECARIO IX, FONDO DE TITULIZACION DE ACTIVOS",NULL
EUROPEA,108,1,1,"RURAL HIPOTECARIO X",V85474252,"1980-01-01 00:00:00",NULL,NULL,"RURAL HIPOTECARIO X, FONDO DE TITULIZACION DE ACTIVOS",NULL
EUROPEA,109,1,1,"RURAL HIPOTECARIO XI",V85643575,"1980-01-01 00:00:00",NULL,NULL,"RURAL HIPOTECARIO XI, FONDO DE TITULIZACION DE ACTIVOS",NULL
EUROPEA,110,1,1,"RURAL HIPOTECARIO XII",V85812600,"1980-01-01 00:00:00",NULL,NULL,"RURAL HIPOTECARIO XII, FONDO DE TITULIZACION DE ACTIVOS",NULL
EUROPEA,111,1,1,"RURAL HIPOTECARIO XIV",V86781705,"1980-01-01 00:00:00",NULL,NULL,"RURAL HIPOTECARIO XIV, FONDO DE TITULIZACION DE ACTIVOS",NULL
EUROPEA,112,1,1,"RURAL HIPOTECARIO XV",V86786191,"1980-01-01 00:00:00",NULL,NULL,"RURAL HIPOTECARIO XV, FONDO DE TITULIZACION DE ACTIVOS",NULL
EUROPEA,113,1,1,"RURAL HIPOTECARIO XVI",V86790680,"1980-01-01 00:00:00",NULL,NULL,"RURAL HIPOTECARIO XVI, FONDO DE TITULIZACION DE ACTIVOS",NULL
EUROPEA,114,1,1,"RURAL HIPOTECARIO XVII",V87054417,"1980-01-01 00:00:00",NULL,NULL,"RURAL HIPOTECARIO XVII, FONDO DE TITULIZACION DE ACTIVOS",NULL
EUROPEA,115,1,1,"VALENCIA HIPOTECARIO 1",V83975060,"1980-01-01 00:00:00",NULL,NULL,"VALENCIA HIPOTECARIO 1, FONDO DE TITULIZACION DE ACTIVOS",NULL
EUROPEA,116,1,1,"VALENCIA HIPOTECARIO 2",V84530526,"1980-01-01 00:00:00",NULL,NULL,"VALENCIA HIPOTECARIO 2, FONDO DE TITULIZACION HIPOTECARIA",NULL
EUROPEA,117,1,1,"VALENCIA HIPOTECARIO 3",V84887579,"1980-01-01 00:00:00",NULL,NULL,"VALENCIA HIPOTECARIO 3, FONDO DE TITULIZACION DE ACTIVOS",NULL
EUROPEA,118,1,1,"VALENCIA HIPOTECARIO 4",V85305464,"1980-01-01 00:00:00",NULL,NULL,"VALENCIA HIPOTECARIO 4, FONDO DE TITULIZACION DE ACTIVOS",NULL
EUROPEA,119,1,1,"VALENCIA HIPOTECARIO 5",V85593978,"1980-01-01 00:00:00",NULL,NULL,"VALENCIA HIPOTECARIO 5, FONDO DE TITULIZACION DE ACTIVOS",NULL
EUROPEA,120,1,1,"VAL BANCAJA 1",V85709301,"1980-01-01 00:00:00",NULL,NULL,"VAL BANCAJA 1, F.T.A.",NULL
EUROPEA,467,1,1,"BBVA RMBS 16",V87560744,"2016-05-09 00:00:00",NULL,NULL,"BBVA RMBS 16 FONDO DE TITULIZACIÓN",NULL
GESTICAIXA,121,2,1,"FONCAIXA ANDALUCIA FTEMPRESA 1",V65285157,"2010-02-25 00:00:00",NULL,NULL,"FONCAIXA ANDALUCIA FTEMPRESA 1, FONDO DE TITULIZACION DE ACTIVOS",NULL
GESTICAIXA,122,2,1,"FONCAIXA AUTONOMOS 1",V65615536,"2011-07-21 00:00:00",NULL,NULL,"FONCAIXA AUTONOMOS 1, FONDO DE TITULIZACION DE ACTIVOS",NULL
GESTICAIXA,123,2,1,"FONCAIXA CONSUMO 1",V65684987,"2011-11-24 00:00:00",NULL,NULL,"FONCAIXA CONSUMO 1, FONDO DE TITULIZACION DE ACTIVOS",NULL
GESTICAIXA,124,2,1,"FONCAIXA EMPRESAS 1",V65071110,"2009-03-17 00:00:00",NULL,NULL,"FONCAIXA EMPRESAS 1, FONDO DE TITULIZACION DE ACTIVOS",NULL
GESTICAIXA,125,2,1,"FONCAIXA EMPRESAS 2",V65452336,"2010-11-23 00:00:00",NULL,NULL,"FONCAIXA EMPRESAS 2, FONDO DE TITULIZACION DE ACTIVOS",NULL
GESTICAIXA,126,2,1,"FONCAIXA EMPRESAS 3",V65537714,"2011-03-24 00:00:00",NULL,NULL,"FONCAIXA EMPRESAS 3, FONDO DE TITULIZACION DE ACTIVOS",NULL
GESTICAIXA,127,2,1,"FONCAIXA FTGENCAT 3",V64010275,"1980-01-01 00:00:00",NULL,NULL,"FONCAIXA FTGENCAT 3, FTA",NULL
GESTICAIXA,128,2,1,"FONCAIXA FTGENCAT 4",V64270861,"1980-01-01 00:00:00",NULL,NULL,"FONCAIXA FTGENCAT 4, FONDO DE TITULIZACION DE ACTIVOS",NULL
GESTICAIXA,129,2,1,"FONCAIXA FTGENCAT 5",V64723661,"1980-01-01 00:00:00",NULL,NULL,"FONCAIXA FTGENCAT 5, FONDO DE TITULIZACION DE ACTIVOS",NULL
GESTICAIXA,130,2,1,"FONCAIXA FTGENCAT 6",V64912702,"1980-01-01 00:00:00",NULL,NULL,"FONCAIXA FTGENCAT 6, FONDO DE TITULIZACION DE ACTIVOS",NULL
GESTICAIXA,131,2,1,"FONCAIXA FTGENCAT 7",V65179939,"1980-01-01 00:00:00",NULL,NULL,"FONCAIXA FTGENCAT 7, FONDO DE TITULIZACION DE ACTIVOS",NULL
GESTICAIXA,132,2,1,"FONCAIXA FTPYME 2",V64985021,"1980-01-01 00:00:00",NULL,NULL,"FONCAIXA FTPYME 2, FONDO DE TITULIZACION DE ACTIVOS",NULL
GESTICAIXA,133,2,1,"FONCAIXA HIPOTECARIO 1",E-62015946,"1980-01-01 00:00:00",NULL,NULL,"FONCAIXA HIPOTECARIO 1, FONDO DE TITULIZACION HIPOTECARIA",NULL
GESTICAIXA,134,2,1,"FONCAIXA HIPOTECARIO 2",V62507926,"1980-01-01 00:00:00",NULL,NULL,"FONCAIXA HIPOTECARIO 2, FONDO DE TITULIZACION HIPOTECARIA",NULL
GESTICAIXA,135,2,1,"FONCAIXA HIPOTECARIO 3",V62624523,"1980-01-01 00:00:00",NULL,NULL,"FONCAIXA HIPOTECARIO 3, FONDO DE TITULIZACION HIPOTECARIA",NULL
GESTICAIXA,136,2,1,"FONCAIXA HIPOTECARIO 4",V62736186,"1980-01-01 00:00:00",NULL,NULL,"FONCAIXA HIPOTECARIO 4, FONDO DE TITULIZACION HIPOTECARIA",NULL
GESTICAIXA,137,2,1,"FONCAIXA HIPOTECARIO 5",V62986575,"1980-01-01 00:00:00",NULL,NULL,"FONCAIXA HIPOTECARIO 5, FONDO DE TITULIZACION HIPOTECARIA",NULL
GESTICAIXA,138,2,1,"FONCAIXA HIPOTECARIO 6",V63043632,"1980-01-01 00:00:00",NULL,NULL,"FONCAIXA HIPOTECARIO 6, FONDO DE TITULIZACION HIPOTECARIO",NULL
GESTICAIXA,139,2,1,"FONCAIXA HIPOTECARIO 7",V63287189,"1980-01-01 00:00:00",NULL,NULL,"FONCAIXA HIPOTECARIO 7, FONDO DE TITULIZACION HIPOTECARIA",NULL
GESTICAIXA,140,2,1,"FONCAIXA HIPOTECARIO 8",V-63791362,"1980-01-01 00:00:00",NULL,NULL,"FONCAIXA HIPOTECARIO 8, FONDO DE TITULIZACION HIPOTECARIA",NULL
GESTICAIXA,141,2,1,"FONCAIXA HIPOTECARIO 9",V64159718,"1980-01-01 00:00:00",NULL,NULL,"FONCAIXA HIPOTECARIO 9, FONDO DE TITULIZACION DE ACTIVOS",NULL
GESTICAIXA,142,2,1,"FONCAIXA HIPOTECARIO 10",V64575715,"1980-01-01 00:00:00",NULL,NULL,"FONCAIXA HIPOTECARIO 10, FONDO DE TITULIZACION DE ACTIVOS",NULL
GESTICAIXA,143,2,1,"FONCAIXA HIPOTECARIO 11",V65385536,"1980-01-01 00:00:00",NULL,NULL,"FONCAIXA HIPOTECARIO 11, FONDO DE TITULIZACION DE ACTIVOS",NULL
GESTICAIXA,144,2,1,"FONCAIXA ICO-FTVPO 1",V65041303,"1980-01-01 00:00:00",NULL,NULL,"FONCAIXA ICO-FTVPO 1, FONDO DE TITULIZACION DE ACTIVOS",NULL
GESTICAIXA,145,2,1,"FONCAIXA LEASINGS 2",V66002148,"1980-01-01 00:00:00",NULL,NULL,"FONCAIXA LEASINGS 2, FONDO DE TITULIZACION DE ACTIVOS",NULL
GESTICAIXA,146,2,1,"FONCAIXA PYMES 3",V65914228,"1980-01-01 00:00:00",NULL,NULL,"FONCAIXA PYMES 3, FONDO DE TITULIZACION DE ACTIVOS",NULL
GESTICAIXA,147,2,1,"FONCAIXA PYMES 4",V66166349,"1980-01-01 00:00:00",NULL,NULL,"FONCAIXA PYMES 4, FONDO DE TITULIZACION DE ACTIVOS",NULL
GESTICAIXA,148,2,1,"FONCAIXA PYMES 5",V66417213,"1980-01-01 00:00:00",NULL,NULL,"FONCAIXA PYMES 5, FONDO DE TITULIZACION DE ACTIVOS",NULL
GESTICAIXA,149,2,1,"GC FTGENCAT CAIXA SABADELL 1",V64342777,"1980-01-01 00:00:00",NULL,NULL,"GC FTGENCAT CAIXA SABADELL 1, FONDO DE TITULIZACION DE ACTIVOS",NULL
GESTICAIXA,150,2,1,"GC FTGENCAT CAIXA SABADELL 2",V65008799,"1980-01-01 00:00:00",NULL,NULL,"GC FTGENCAT CAIXA SABADELL 2, FONDO DE TITULIZACION DE ACTIVOS",NULL
GESTICAIXA,151,2,1,"GC FTGENCAT CAIXA TARRAGONA 1",V64904147,"1980-01-01 00:00:00",NULL,NULL,"GC FTGENCAT CAIXA TARRAGONA 1, FONDO DE TITULIZACION DE ACTIVOS",NULL
GESTICAIXA,152,2,1,"GC FTPYME PASTOR 2",V63647358,"1980-01-01 00:00:00",NULL,NULL,"GC FTPYME PASTOR 2, FONDO DE TITULIZACION DE ACTIVOS",NULL
GESTICAIXA,153,2,1,"GC FTPYME PASTOR 4",V64366412,"1980-01-01 00:00:00",NULL,NULL,"GC FTPYME PASTOR 4, FTA",NULL
GESTICAIXA,154,2,1,"GC FTPYME SABADELL 6",V64995780,"1980-01-01 00:00:00",NULL,NULL,"GC FTPYME SABADELL 6, FONDO DE TITULIZACION DE ACTIVOS",NULL
GESTICAIXA,155,2,1,"GC FTPYME SABADELL 4",V63985857,"1980-01-01 00:00:00",NULL,NULL,"GC FTPYME SABADELL 4, FONDO DE TITULIZACION DE ACTIVOS",NULL
GESTICAIXA,156,2,1,"GC PASTOR HIPOTECARIO 5",V64606262,"1980-01-01 00:00:00",NULL,NULL,"GC PASTOR HIPOTECARIO 5, FONDO DE TITULIZACION DE ACTIVOS",NULL
GESTICAIXA,157,2,1,"GC FTPYME PASTOR 6",V64607849,"1980-01-01 00:00:00",NULL,NULL,"GC FTPYME PASTOR 6, FONDO DE TITULIZACION DE ACTIVOS",NULL
GESTICAIXA,158,2,1,"GC FTPYME SABADELL 8",V65408775,"1980-01-01 00:00:00",NULL,NULL,"GC FTPYME SABADELL 8, FONDO DE TITULIZACION DE ACTIVOS",NULL
GESTICAIXA,159,2,1,"GC SABADELL 1",V63568646,"1980-01-01 00:00:00",NULL,NULL,"GC SABADELL 1, FONDO DE TITULIZACION HIPOTECARIA",NULL
GESTICAIXA,463,2,1,"GC FTPYME SABADELL 5",V64381593,"1980-01-01 00:00:00",NULL,NULL,"GC FTPYME SABADELL 5, FONDO DE TITULIZACION DE ACTIVOS",NULL
GAT,160,3,1,"FINANCAT 1",V64812514,"2008-03-19 00:00:00",NULL,NULL,"FINANCAT 1, FONDO DE TITULIZACION DE ACTIVOS",NULL
GAT,161,3,1,"HIPOCAT 1",E-61695938,"1980-01-01 00:00:00",NULL,NULL,"FONDO DE TITULIZACION HIPOTECARIA, HIPOCAT 1",NULL
GAT,162,3,1,"HIPOCAT 2",E-61785655,"1980-01-01 00:00:00",NULL,NULL,"FONDO DE TITULIZACION HIPOTECARIA, HIPOCAT 2",NULL
GAT,163,3,1,"HIPOCAT 3",E-62017314,"1980-01-01 00:00:00",NULL,NULL,"FONDO DE TITULIZACION HIPOTECARIA, HIPOCAT 3",NULL
GAT,164,3,1,"GAT FTGENCAT 2005",V64016975,"2005-12-12 00:00:00",NULL,NULL,"GAT FTGENCAT 2005, FONDO DE TITULIZACION DE ACTIVOS",NULL
GAT,165,3,1,"GAT FTGENCAT 2006",V64302862,"2006-09-29 00:00:00",NULL,NULL,"GAT FTGENCAT 2006, FONDO DE TITULIZACION DE ACTIVOS",NULL
GAT,166,3,1,"GAT FTGENCAT 2007",V64705924,"2007-11-30 00:00:00",NULL,NULL,"GAT FTGENCAT 2007, FONDO DE TITULIZACION DE ACTIVOS",NULL
GAT,167,3,1,"GAT FTGENCAT 2008",V64915424,"2008-08-05 00:00:00",NULL,NULL,"GAT FTGENCAT 2008, FONDO DE TITULIZACION DE ACTIVOS",NULL
GAT,168,3,1,"GAT FTGENCAT 2009",V65203275,"2009-12-10 00:00:00",NULL,NULL,"GAT FTGENCAT 2009, FONDO DE TITULIZACION DE ACTIVOS",NULL
GAT,169,3,1,"GAT ICO-FTVPO 1",V65102576,"1980-01-01 00:00:00",NULL,NULL,"GAT ICO-FTVPO 1, FONDO DE TITULIZACION HIPOTECARIA",NULL
GAT,170,3,1,"HIPOCAT 4",V62634811,"1980-01-01 00:00:00",NULL,NULL,"HIPOCAT 4, FONDO DE TITULIZACION DE ACTIVOS",NULL
GAT,171,3,1,"HIPOCAT 5",V62925136,"2002-10-29 00:00:00",NULL,NULL,"HIPOCAT 5, FONDO DE TITULIZACION DE ACTIVOS",NULL
GAT,172,3,1,"HIPOCAT 6",V63275259,"2003-09-17 00:00:00",NULL,NULL,"HIPOCAT 6, FONDO DE TITULIZACION DE ACTIVOS",NULL
GAT,173,3,1,"HIPOCAT 7",V63511554,"2004-06-07 00:00:00",NULL,NULL,"HIPOCAT 7, FONDO DE TITULIZACION DE ACTIVOS",NULL
GAT,174,3,1,"HIPOCAT 8",V63803969,"2005-05-05 00:00:00",NULL,NULL,"HIPOCAT 8, FONDO DE TITULIZACION DE ACTIVOS",NULL
GAT,175,3,1,"HIPOCAT 9",V64006075,"2005-11-24 00:00:00",NULL,NULL,"HIPOCAT 9, FONDO DE TITULIZACION DE ACTIVOS",NULL
GAT,176,3,1,"HIPOCAT 10",V64241474,"2006-07-04 00:00:00",NULL,NULL,"HIPOCAT 10, F.T.A.",NULL
GAT,177,3,1,"HIPOCAT 11",V64478373,"2007-03-06 00:00:00",NULL,NULL,"HIPOCAT 11, FONDO DE TITULIZACION DE ACTIVOS",NULL
GAT,178,3,1,"HIPOCAT 14",V64812555,"2008-03-20 00:00:00",NULL,NULL,"HIPOCAT 14, FONDO DE TITULIZACION DE ACTIVOS",NULL
GAT,179,3,1,"HIPOCAT 15",V64856529,"1980-01-01 00:00:00",NULL,NULL,"HIPOCAT 15, FONDO DE TITULIZACION DE ACTIVOS",NULL
GAT,180,3,1,"HIPOCAT 16",V64884000,"1980-01-01 00:00:00",NULL,NULL,"HIPOCAT 16, FONDO DE TITULIZACION DE ACTIVOS",NULL
GAT,181,3,1,"HIPOCAT 17",V64998925,"1980-01-01 00:00:00",NULL,NULL,"HIPOCAT 17, FONDO DE TITULIZACION DE ACTIVOS",NULL
GAT,182,3,1,"HIPOCAT 18",V65044141,"1980-01-01 00:00:00",NULL,NULL,"HIPOCAT 18, FONDO DE TITULIZACION DE ACTIVOS",NULL
GAT,183,3,1,"HIPOCAT 19",V65161754,"1980-01-01 00:00:00",NULL,NULL,"HIPOCAT 19, FONDO DE TITULIZACION DE ACTIVOS",NULL
GAT,184,3,1,"HIPOCAT 20",V65332686,"1980-01-01 00:00:00",NULL,NULL,"HIPOCAT 20, FONDO DE TITULIZACION DE ACTIVOS",NULL
GAT,185,3,1,"MBSCAT 1",V64980824,"2008-11-26 00:00:00",NULL,NULL,"MBSCAT 1, FONDO DE TITULIZACION DE ACTIVOS",NULL
GAT,186,3,1,"MBSCAT 2",V65146995,"2009-07-24 00:00:00",NULL,NULL,"MBSCAT 2, FONDO DE TITULIZACION DE ACTIVOS",NULL
GAT,187,3,1,"PYMECAT 2 FTPYME",V64953573,"1980-01-01 00:00:00",NULL,NULL,"PYMECAT 2 FTPYME, FONDO DE TITULIZACION DE ACTIVOS",NULL
GAT,188,3,1,"PYMECAT 3 FTPYME",V65435752,"1980-01-01 00:00:00",NULL,NULL,"PYMECAT 3 FTPYME, FONDO DE TITULIZACION DE ACTIVOS",NULL
GAT,460,3,1,"HIPOCAT 12",V64705866,"1980-01-01 00:00:00",NULL,NULL,"HIPOCAT 12, FONDO DE TITULIZACION DE ACTIVOS",NULL
HAYA,189,4,1,AYT.1,V82379553,"1999-06-30 00:00:00",NULL,NULL,"AYT.1, FONDO DE TITULIZACION HIPOTECARIA",NULL
HAYA,190,4,1,"AYT.8, BARCLAYS HIPOTECARIO I",V83330308,"2002-05-29 00:00:00",NULL,NULL,"AYT.8, BARCLAYS HIPOTECARIO I, FONDO DE TITULIZACION HIPOTECARIA",NULL
HAYA,191,4,1,"AYT ANDALUCIA FTEMPRESA CAJA SOL",V85899177,"2010-03-31 00:00:00",NULL,NULL,"AYT ANDALUCIA FTEMPRESA CAJA SOL, FONDO DE TITULIZACION DE ACTIVOS",NULL
HAYA,192,4,1,"AYT CAIXANOVA HIPOTECARIO I",V85293041,"2007-12-07 00:00:00",NULL,NULL,"AYT CAIXANOVA HIPOTECARIO I, FONDO DE TITULIZACION DE ACTIVOS",NULL
HAYA,193,4,1,"AYT CAIXA GALICIA EMPRESAS I",V85277671,"2007-11-26 00:00:00",NULL,NULL,"AYT CAIXA GALICIA EMPRESAS I, FONDO DE TITULIZACION ACTIVOS",NULL
HAYA,194,4,1,"AYT CAIXA SABADELL HIPOTECARIO I",V85490035,"2008-07-24 00:00:00",NULL,NULL,"AYT CAIXA SABADELL HIPOTECARIO I, FONDO DE TITULIZACION DE ACTIVOS",NULL
HAYA,195,4,1,"AYT CAJAGRANADA HIPOTECARIO I",V85144707,"2007-06-21 00:00:00",NULL,NULL,"AYT CAJAGRANADA HIPOTECARIO I, FONDO DE TITULIZACION DE ACTIVOS",NULL
HAYA,196,4,1,"AYT CAJAMURCIA HIPOTECARIO II",V84875947,"2006-12-31 00:00:00",NULL,NULL,"AYT CAJAMURCIA HIPOTECARIO II, FONDO DE TITULIZACION DE ACTIVOS",NULL
HAYA,197,4,1,"AYT CAJA MURCIA FINANCIACION I",V85591154,"2008-12-22 00:00:00",NULL,NULL,"AYT CAJA MURCIA FINANCIACION I, FONDO DE TITULIZACION DE ACTIVOS",NULL
HAYA,198,4,1,"AYT CAJA MURCIA HIPOTECARIO I",V84541200,"2005-12-15 00:00:00",NULL,NULL,"AYT CAJA MURCIA HIPOTECARIO I, FONDO DE TITULIZACION DE ACTIVOS",NULL
HAYA,199,4,1,"AYT CEAMI EMTN I",V85512366,"2008-10-28 00:00:00",NULL,NULL,"AYT CEAMI EMTN I, FONDO DE TITULIZACION DE ACTIVOS",NULL
HAYA,200,4,1,"AYT CEDULAS CAJAS II",V83153627,"2001-11-13 00:00:00",NULL,NULL,"AYT CEDULAS CAJAS II, FONDO DE TITULIZACION DE ACTIVOS",NULL
HAYA,201,4,1,"AYT CEDULAS CAJAS IX",V84290469,"1980-01-01 00:00:00",NULL,NULL,"AYT CEDULAS CAJAS IX, FONDO DE TITULIZACION DE ACTIVOS",NULL
HAYA,202,4,1,"AYT CEDULAS CAJAS VIII",V84155688,"1980-01-01 00:00:00",NULL,NULL,"AYT CEDULAS CAJAS VIII, FONDO DE TITULIZACION DE ACTIVOS",NULL
HAYA,203,4,1,"AYT CEDULAS CAJAS VII",V84029008,"2004-06-16 00:00:00",NULL,NULL,"AYT CEDULAS CAJAS VII, FONDO DE TITULIZACION DE ACTIVOS",NULL
HAYA,204,4,1,"AYT CEDULAS CAJAS XI",V85277705,"2007-11-26 00:00:00",NULL,NULL,"AYT CEDULAS CAJAS XI, FONDO DE TITULIZACION DE ACTIVOS",NULL
HAYA,205,4,1,"AYT CEDULAS CAJAS X",V84388370,"1980-01-01 00:00:00",NULL,NULL,"AYT CEDULAS CAJAS X, FONDO DE TITULIZACION DE ACTIVOS",NULL
HAYA,206,4,1,"AYT CEDULAS TERRITORIALES CAJAS III",V85490019,"2008-07-18 00:00:00",NULL,NULL,"AYT CEDULAS TERRITORIALES CAJAS III, FONDO DE TITULIZACION DE ACTIVOS",NULL
HAYA,207,4,1,"AYT CEDULAS TERRITORIALES CAJAS II",V84287408,"2005-03-17 00:00:00",NULL,NULL,"AYT CEDULAS TERRITORIALES CAJAS II, FONDO DE TITULIZACION DE ACTIVOS",NULL
HAYA,208,4,1,"AYT CEDULAS TERRITORIALES CAJAS IV",V85671485,"2009-04-03 00:00:00",NULL,NULL,"AYT CEDULAS TERRITORIALES CAJAS IV, FONDO DE TITULIZACION DE ACTIVOS",NULL
HAYA,209,4,1,"AYT CEDULAS TERRITORIALES CAJAS I",V83781237,"2003-10-15 00:00:00",NULL,NULL,"AYT CEDULAS TERRITORIALES CAJAS I, FONDO DE TITULIZACION DE ACTIVOS",NULL
HAYA,210,4,1,"AYT COLATERALES GLOBAL EMPRESAS",V85306850,"1980-01-01 00:00:00",NULL,NULL,"AYT COLATERALES GLOBAL EMPRESAS, FONDO DE TITULIZACION DE ACTIVOS",NULL
HAYA,211,4,1,"AYT COLATERALES GLOBAL HIPOTECARIO",V85076677,"1980-01-01 00:00:00",NULL,NULL,"AYT COLATERALES GLOBAL HIPOTECARIO, F.T.A.",NULL
HAYA,212,4,1,"AYT GENOVA HIPOTECARIO II",V83669531,"2003-06-04 00:00:00",NULL,NULL,"AYT GENOVA HIPOTECARIO II, FONDO DE TITULIZACION HIPOTECARIA",NULL
HAYA,213,4,1,"AYT GOYA HIPOTECARIO III",V86097979,"2010-12-17 00:00:00",NULL,NULL,"AYT GOYA HIPOTECARIO III, FONDO DE TITULIZACION DE ACTIVOS",NULL
HAYA,214,4,1,"AYT GOYA HIPOTECARIO IV",V86171451,"2011-04-15 00:00:00",NULL,NULL,"AYT GOYA HIPOTECARIO IV, FONDO DE TITULIZACION DE ACTIVOS",NULL
HAYA,215,4,1,"AYT GOYA HIPOTECARIO V",V86304706,"2011-12-23 00:00:00",NULL,NULL,"AYT GOYA HIPOTECARIO V, FONDO DE TITULIZACION DE ACTIVOS",NULL
HAYA,216,4,1,"AYT HIPOTECARIO BBK II",V84734235,"2006-06-06 00:00:00",NULL,NULL,"AYT HIPOTECARIO BBK II, FONDO DE TITULIZACION DE ACTIVOS",NULL
HAYA,217,4,1,"AYT HIPOTECARIO BBK I",V84367499,"2005-06-08 00:00:00",NULL,NULL,"AYT HIPOTECARIO BBK I, FONDO DE TITULIZACION DE ACTIVOS",NULL
HAYA,218,4,1,"AYT HIPOTECARIO III",V83697052,"1980-01-01 00:00:00",NULL,NULL,"AYT HIPOTECARIO III, FONDO DE TITULIZACION HIPOTECARIA",38313067-bb09-4366-9eec-59dcb7afb5a9
HAYA,219,4,1,"AYT HIPOTECARIO MIXTO III",V84325927,"1980-01-01 00:00:00",NULL,NULL,"AYT HIPOTECARIO MIXTO III, FONDO DE TITULIZACION DE ACTIVOS",NULL
HAYA,220,4,1,"AYT HIPOTECARIO MIXTO IV",V84382803,"1980-01-01 00:00:00",NULL,NULL,"AYT HIPOTECARIO MIXTO IV, FONDO DE TITULIZACION DE ACTIVOS",NULL
HAYA,221,4,1,"AYT HIPOTECARIO MIXTO V",V84776335,"1980-01-01 00:00:00",NULL,NULL,"AYT HIPOTECARIO MIXTO V, FONDO DE TITULIZACION DE ACTIVOS",NULL
HAYA,222,4,1,"AYT ICO-FTVPO CAJA VITAL KUTXA",V85600781,"2009-02-10 00:00:00",NULL,NULL,"AYT ICO-FTVPO CAJA VITAL KUTXA, FTA",NULL
HAYA,223,4,1,"AYT ICO FTVPO CAIXA GALICIA I",V85704286,"1980-01-01 00:00:00",NULL,NULL,"AYT ICO FTVPO CAIXA GALICIA I, FONDO DE TITULIZACION DE ACTIVOS",NULL
HAYA,224,4,1,"AYT ICO FTVPO CAJA SOL",V85717627,"2009-07-02 00:00:00",NULL,NULL,"AYT ICO FTVPO CAJA SOL, FONDO DE TITULIZACION DE ACTIVOS",NULL
HAYA,225,4,1,"AYT KUTXA HIPOTECARIO III",V85420842,"2008-04-29 00:00:00",NULL,NULL,"AYT KUTXA HIPOTECARIO III, FONDO DE TITULIZACION DE ACTIVOS",NULL
HAYA,226,4,1,"AYT KUTXA HIPOTECARIO II",V84981299,"2007-02-06 00:00:00",NULL,NULL,"AYT KUTXA HIPOTECARIO II, FONDO DE TITULIZACION DE ACTIVOS",NULL
HAYA,227,4,1,"AYT KUTXA HIPOTECARIO IV",V85691533,"2009-05-19 00:00:00",NULL,NULL,"AYT KUTXA HIPOTECARIO IV, FONDO DE TITULIZACION DE ACTIVOS",NULL
HAYA,228,4,1,"AYT KUTXA HIPOTECARIO I",V84720556,"2006-05-23 00:00:00",NULL,NULL,"AYT KUTXA HIPOTECARIO I, FONDO DE TITULIZACION DE ACTIVOS",NULL
HAYA,229,4,1,"AYT NOVACAIXAGALICIA HIPOTECARIO I",V86293339,"2011-09-27 00:00:00",NULL,NULL,"AYT NOVACAIXAGALICIA HIPOTECARIO I, FONDO DE TITULIZACION DE ACTIVOS",NULL
HAYA,230,4,1,"AYT PROMOCIONES INMOBILIARIAS III",V84367523,"2005-06-02 00:00:00",NULL,NULL,"AYT PROMOCIONES INMOBILIARIAS III, FONDO DE TITULIZACION DE ACTIVOS",NULL
HAYA,231,4,1,"AYT PROMOCIONES INMOBILIARIAS IV",V84387695,"2005-06-23 00:00:00",NULL,NULL,"AYT PROMOCIONES INMOBILIARIAS IV, FONDO DE TITULIZACION DE ACTIVOS",NULL
HAYA,232,4,1,"AYT UNICAJA FINANCIACION I",V85521144,"2008-10-02 00:00:00",NULL,NULL,"AYT UNICAJA FINANCIACION I, FONDO DE TITULIZACION DE ACTIVOS",NULL
HAYA,233,4,1,"AYT VPO II",V85764066,"2009-10-20 00:00:00",NULL,NULL,"AYT VPO II, FONDO DE TITULIZACION DE ACTIVOS",NULL
HAYA,234,4,1,"CEAMI GUARANTEED BONDS I",V85654036,"2009-06-19 00:00:00",NULL,NULL,"CEAMI GUARANTEED BONDS I, FONDO DE TITULIZACION DE ACTIVOS",NULL
HAYA,235,4,1,"ICO MEDIACION II AYT",V86012580,"2010-07-27 00:00:00",NULL,NULL,"ICO MEDIACION II AYT, FONDO DE TITULIZACION DE ACTIVOS",NULL
HAYA,236,4,1,"ICO MEDIACION I AYT",V85019321,"2007-03-06 00:00:00",NULL,NULL,"ICO MEDIACION I AYT, FONDO DE TITULIZACION DE ACTIVOS",NULL
HAYA,237,4,1,"MADRID ACTIVOS CORPORATIVOS III",V85591113,"2009-01-31 00:00:00",NULL,NULL,"MADRID ACTIVOS CORPORATIVOS III, FONDO DE TITULIZACION DE ACTIVOS",NULL
HAYA,461,4,1,"AYT DEUDA SUBORDINADA I",V84879741,"1980-01-01 00:00:00",NULL,NULL,"AYT DEUDA SUBORDINADA I, FONDO DE TITULIZACION DE ACTIVOS",NULL
HAYA,462,4,1,"AYT BONOS TESORERIA II",V84618792,"1980-01-01 00:00:00",NULL,NULL,"AYT BONOS TESORERIA II, FONDO DE TITULIZACION DE ACTIVOS",NULL
INTERMONEY,238,5,1,"CEDULAS GRUPO BANCO POPULAR 2",V84676642,"1980-01-01 00:00:00",NULL,NULL,"CEDULAS GRUPO BANCO POPULAR 2, FONDO DE TITULIZACION DE ACTIVOS",NULL
INTERMONEY,239,5,1,"CEDULAS GRUPO BANCO POPULAR 3",V85075653,"1980-01-01 00:00:00",NULL,NULL,"CEDULAS GRUPO BANCO POPULAR 3, FONDO DE TITULIZACION DE ACTIVOS",NULL
INTERMONEY,240,5,1,"CEDULAS GRUPO BANCO POPULAR 4",V85470300,"1980-01-01 00:00:00",NULL,NULL,"CEDULAS GRUPO BANCO POPULAR 4, FONDO DE TITULIZACION DE ACTIVOS",NULL
INTERMONEY,241,5,1,"CEDULAS GRUPO BANCO POPULAR 5",V86190832,"1980-01-01 00:00:00",NULL,NULL,"CEDULAS GRUPO BANCO POPULAR 5, FONDO DE TITULIZACION DE ACTIVOS",NULL
INTERMONEY,242,5,1,"IM BANCO POPULAR FTPYME 1",V84193051,"1980-01-01 00:00:00",NULL,NULL,"IM BANCO POPULAR FTPYME 1, FONDO DE TITULIZACION DE ACTIVOS",NULL
INTERMONEY,243,5,1,"IM BANCO POPULAR FTPYME 2",V85529865,"1980-01-01 00:00:00",NULL,NULL,"IM BANCO POPULAR FTPYME 2, FONDO DE TITULIZACION DE ACTIVOS",NULL
INTERMONEY,244,5,1,"IM BANCO POPULAR FTPYME 3",V86304227,"1980-01-01 00:00:00",NULL,NULL,"IM BANCO POPULAR FTPYME 3, FONDO DE TITULIZACION DE ACTIVOS",NULL
INTERMONEY,245,5,1,"IM BANCO POPULAR MBS 1",V85560779,"1980-01-01 00:00:00",NULL,NULL,"IM BANCO POPULAR MBS 1, FONDO DE TITULIZACION DE ACTIVOS",NULL
INTERMONEY,246,5,1,"IM BANCO POPULAR MBS 2",V85876860,"1980-01-01 00:00:00",NULL,NULL,"IM BANCO POPULAR MBS 2, FONDO DE TITULIZACION DE ACTIVOS",NULL
INTERMONEY,247,5,1,"IM BCG RMBS 2",V86851664,"1980-01-01 00:00:00",NULL,NULL,"IM BCG RMBS 2, FONDO DE TITULIZACION DE ACTIVOS",NULL
INTERMONEY,248,5,1,"IM CAIXA GIRONA EMPRESAS 1",V85422020,"1980-01-01 00:00:00",NULL,NULL,"IM CAIXA GIRONA EMPRESAS 1, FONDO DE TITULIZACION DE ACTIVOS",NULL
INTERMONEY,249,5,1,"IM CAJAMAR 1",V84067446,"1980-01-01 00:00:00",NULL,NULL,"IM CAJAMAR 1, FONDO DE TITULIZACION DE ACTIVOS",NULL
INTERMONEY,250,5,1,"IM CAJAMAR 3",V84638121,"1980-01-01 00:00:00",NULL,NULL,"IM CAJAMAR 3, FONDO DE TITULIZACION DE ACTIVOS",NULL
INTERMONEY,251,5,1,"IM CAJAMAR 4",V84818681,"1980-01-01 00:00:00",NULL,NULL,"IM CAJAMAR 4, FONDO DE TITULIZACION DE ACTIVOS",NULL
INTERMONEY,252,5,1,"IM CAJAMAR 5",V85208502,"1980-01-01 00:00:00",NULL,NULL,"IM CAJAMAR 5, FONDO DE TITULIZACION DE ACTIVOS",NULL
INTERMONEY,253,5,1,"IM CAJAMAR 6",V85347060,"1980-01-01 00:00:00",NULL,NULL,"IM CAJAMAR 6, FONDO DE TITULIZACION DE ACTIVOS",NULL
INTERMONEY,254,5,1,"IM CAJAMAR EMPRESAS 2 FTPYME",V85541662,"1980-01-01 00:00:00",NULL,NULL,"IM CAJAMAR EMPRESAS 2 FTPYME, FONDO DE TITULIZACION DE ACTIVOS",NULL
INTERMONEY,255,5,1,"IM CAJAMAR EMPRESAS 4",V86395647,"1980-01-01 00:00:00",NULL,NULL,"IM CAJAMAR EMPRESAS 4, FONDO DE TITULIZACION DE ACTIVOS",NULL
INTERMONEY,256,5,1,"IM CAJAMAR EMPRESAS 5",V86684560,"1980-01-01 00:00:00",NULL,NULL,"IM CAJAMAR EMPRESAS 5, FONDO DE TITULIZACION DE ACTIVOS",NULL
INTERMONEY,257,5,1,"IM CAJASTUR MBS 1",V86036647,"1980-01-01 00:00:00",NULL,NULL,"IM CAJASTUR MBS 1, FONDO DE TITULIZACION DE ACTIVOS",NULL
INTERMONEY,258,5,1,"IM CAJA LABORAL 1",V84910405,"1980-01-01 00:00:00",NULL,NULL,"IM CAJA LABORAL 1, FONDO DE TITULIZACION DE ACTIVOS",NULL
INTERMONEY,259,5,1,"IM CAJA LABORAL 2",V85447530,"1980-01-01 00:00:00",NULL,NULL,"IM CAJA LABORAL 2, FONDO DE TITULIZACION DE ACTIVOS",NULL
INTERMONEY,260,5,1,"IM CAJA LABORAL EMPRESAS 1",V86195872,"1980-01-01 00:00:00",NULL,NULL,"IM CAJA LABORAL EMPRESAS 1, FONDO DE TITULIZACION DE ACTIVOS",NULL
INTERMONEY,261,5,1,"IM CEDULAS 1 GRUPO BANCO POPULAR",V83893032,"1980-01-01 00:00:00",NULL,NULL,"IM CEDULAS 1 GRUPO BANCO POPULAR, FONDO DE TITULIZACION DE ACTIVOS",NULL
INTERMONEY,262,5,1,"IM CEDULAS 4",V84272376,"1980-01-01 00:00:00",NULL,NULL,"IM CEDULAS 4, FONDO DE TITULIZACION DE ACTIVOS",NULL
INTERMONEY,263,5,1,"IM CEDULAS 5",V84371475,"1980-01-01 00:00:00",NULL,NULL,"IM CEDULAS 5, FONDO DE TITULIZACION DE ACTIVOS",NULL
INTERMONEY,264,5,1,"IM CEDULAS 7",V84662022,"1980-01-01 00:00:00",NULL,NULL,"IM CEDULAS 7, FONDO DE TITULIZACION DE ACTIVOS",NULL
INTERMONEY,265,5,1,"IM CEDULAS 9",V84732874,"1980-01-01 00:00:00",NULL,NULL,"IM CEDULAS 9, FONDO DE TITULIZACION DE ACTIVOS",NULL
INTERMONEY,266,5,1,"IM CEDULAS 10",V84992403,"1980-01-01 00:00:00",NULL,NULL,"IM CEDULAS 10, FONDO DE TITULIZACION DE ACTIVOS",NULL
INTERMONEY,267,5,1,"IM CEDULAS 12",V85269769,"1980-01-01 00:00:00",NULL,NULL,"IM CEDULAS 12, FONDO DE TITULIZACION DE ACTIVOS",NULL
INTERMONEY,268,5,1,"IM CERES 1 CAJAMAR",V84019496,"1980-01-01 00:00:00",NULL,NULL,"IM CERES 1 CAJAMAR, FONDO DE TITULIZACION DE ACTIVOS",NULL
INTERMONEY,269,5,1,"IM CERES 2 CAJAMAR",V84519107,"1980-01-01 00:00:00",NULL,NULL,"IM CERES 2 CAJAMAR, FONDO DE TITULIZACION DE ACTIVOS",NULL
INTERMONEY,270,5,1,"IM CFS RMBS 1",V86584612,"1980-01-01 00:00:00",NULL,NULL,"IM CFS RMBS 1, FONDO DE TITULIZACION DE ACTIVOS",NULL
INTERMONEY,271,5,1,"IM EMPRESAS PASTOR 7",V85673507,"1980-01-01 00:00:00",NULL,NULL,IM_EMPRESAS_PASTOR_7__FONDO_DE_TITULIZACION_DE_ACTIVOS,NULL
INTERMONEY,272,5,1,"IM EVO RMBS 1",V87312823,"1980-01-01 00:00:00",NULL,NULL,"IM EVO RMBS 1, FONDO DE TITULIZACION",NULL
INTERMONEY,273,5,1,"IM FTGENCAT SABADELL 2",V84758085,"1980-01-01 00:00:00",NULL,NULL,"IM FTGENCAT SABADELL 2, FONDO DE TITULIZACION DE ACTIVOS",NULL
INTERMONEY,274,5,1,"IM FTGENCAT SABADELL 3",V85282499,"1980-01-01 00:00:00",NULL,NULL,"IM FTGENCAT SABADELL 3, FONDO DE TITULIZACION DE ACTIVOS",NULL
INTERMONEY,275,5,1,"IM FTGENCAT SABADELL 4",V85569937,"1980-01-01 00:00:00",NULL,NULL,"IM FTGENCAT SABADELL 4, FONDO DE TITULIZACION DE ACTIVOS",NULL
INTERMONEY,276,5,1,"IM FTPYME SABADELL 3",V84160498,"1980-01-01 00:00:00",NULL,NULL,"IM FTPYME SABADELL 3, FONDO DE TITULIZACION DE ACTIVOS",NULL
INTERMONEY,277,5,1,"IM FTPYME SABADELL 7",V85529345,"1980-01-01 00:00:00",NULL,NULL,"IM FTPYME SABADELL 7, FONDO DE TITULIZACION DE ACTIVOS",NULL
INTERMONEY,278,5,1,"IM GOYA HIPOTECARIO I",V85241024,"1980-01-01 00:00:00",NULL,NULL,"IM GOYA HIPOTECARIO I, FONDO DE TITULIZACION DE ACTIVOS",NULL
INTERMONEY,279,5,1,"IM GRUPO BANCO POPULAR EMPRESAS 1",V84823038,"1980-01-01 00:00:00",NULL,NULL,"IM GRUPO BANCO POPULAR EMPRESAS 1, FONDO DE TITULIZACION DE ACTIVOS",NULL
INTERMONEY,280,5,1,"IM GRUPO BANCO POPULAR EMPRESAS 2",V85283968,"1980-01-01 00:00:00",NULL,NULL,"IM GRUPO BANCO POPULAR EMPRESAS 2, FONDO DE TITULIZACION DE ACTIVOS",NULL
INTERMONEY,281,5,1,"IM GRUPO BANCO POPULAR EMPRESAS 3",V85728152,"1980-01-01 00:00:00",NULL,NULL,"IM GRUPO BANCO POPULAR EMPRESAS 3, FONDO DE TITULIZACION DE ACTIVOS",NULL
INTERMONEY,282,5,1,"IM GRUPO BANCO POPULAR EMPRESAS 4",V86127164,"1980-01-01 00:00:00",NULL,NULL,"IM GRUPO BANCO POPULAR EMPRESAS 4, FONDO DE TITULIZACION DE ACTIVOS",NULL
INTERMONEY,283,5,1,"IM GRUPO BANCO POPULAR EMPRESAS VI",V87222360,"1980-01-01 00:00:00",NULL,NULL,"IM GRUPO BANCO POPULAR EMPRESAS VI, FONDO DE TITULIZACIÃN DE ACTIVOS",NULL
INTERMONEY,284,5,1,"IM GRUPO BANCO POPULAR EMPRESAS V",V86660842,"1980-01-01 00:00:00",NULL,NULL,"IM GRUPO BANCO POPULAR EMPRESAS V, FONDO DE TITULIZACION DE ACTIVOS",NULL
INTERMONEY,285,5,1,"IM GRUPO BANCO POPULAR FINANCIACIONES 1",V85451615,"1980-01-01 00:00:00",NULL,NULL,"IM GRUPO BANCO POPULAR FINANCIACIONES 1, FTA",NULL
INTERMONEY,286,5,1,"IM GRUPO BANCO POPULAR FTPYME II",V85152809,"1980-01-01 00:00:00",NULL,NULL,"IM GRUPO BANCO POPULAR FTPYME II, FONDO DE TITULIZACION DE ACTIVOS",NULL
INTERMONEY,287,5,1,"IM GRUPO BANCO POPULAR FTPYME I",V84905397,"1980-01-01 00:00:00",NULL,NULL,"IM GRUPO BANCO POPULAR FTPYME I FONDO DE TITULIZACION DE ACTIVOS",NULL
INTERMONEY,288,5,1,"IM GRUPO BANCO POPULAR LEASING 2",V86223096,"1980-01-01 00:00:00",NULL,NULL,"IM GRUPO BANCO POPULAR LEASING 2, FONDO DE TITULIZACION DE ACTIVOS",NULL
INTERMONEY,289,5,1,"IM GRUPO BANCO POPULAR MBS 3",V87416939,"1980-01-01 00:00:00",NULL,NULL,"IM GRUPO BANCO POPULAR MBS 3, FONDO DE TITULIZACIÃN",NULL
INTERMONEY,290,5,1,"IM PASTOR 2",V84037506,"1980-01-01 00:00:00",NULL,NULL,"IM PASTOR 2, FONDO DE TITULIZACION HIPOTECARIA",NULL
INTERMONEY,291,5,1,"IM PASTOR 3",V84370519,"1980-01-01 00:00:00",NULL,NULL,"IM PASTOR 3, FONDO DE TITULIZACION HIPOTECARIA",NULL
INTERMONEY,292,5,1,"IM PASTOR 4",V84731181,"1980-01-01 00:00:00",NULL,NULL,"IM PASTOR 4, FONDO DE TITULIZACION DE ACTIVOS",NULL
INTERMONEY,293,5,1,"IM PRESTAMOS FONDOS CEDULAS",V85174068,"1980-01-01 00:00:00",NULL,NULL,"IM PRESTAMOS FONDOS CEDULAS, FONDO DE TITULIZACION DE ACTIVOS",NULL
INTERMONEY,294,5,1,"IM SABADELL EMPRESAS 1",V85247831,"1980-01-01 00:00:00",NULL,NULL,"IM SABADELL EMPRESAS 1, FONDO DE TITULIZACION DE ACTIVOS",NULL
INTERMONEY,295,5,1,"IM SABADELL EMPRESAS 3",V85577500,"1980-01-01 00:00:00",NULL,NULL,"IM SABADELL EMPRESAS 3, FONDO DE TITULIZACION DE ACTIVOS",NULL
INTERMONEY,296,5,1,"IM SABADELL EMPRESAS 5",V85730299,"1980-01-01 00:00:00",NULL,NULL,"IM SABADELL EMPRESAS 5, FONDO DE TITULIZACION DE ACTIVOS",NULL
INTERMONEY,297,5,1,"IM SABADELL RMBS 2",V85468478,"1980-01-01 00:00:00",NULL,NULL,"IM SABADELL RMBS 2, FONDO DE TITULIZACION DE ACTIVOS",NULL
INTERMONEY,298,5,1,"IM SABADELL RMBS 3",V85577450,"1980-01-01 00:00:00",NULL,NULL,"IM SABADELL RMBS 3, FONDO DE TITULIZACION DE ACTIVOS",NULL
INTERMONEY,299,5,1,"IM TARJETAS 1",V86576014,"1980-01-01 00:00:00",NULL,NULL,"IM TARJETAS 1, FONDO DE TITULIZACION DE ACTIVOS",NULL
INTERMONEY,300,5,1,"IM TERRASSA 1 FTGENCAT",V84519909,"1980-01-01 00:00:00",NULL,NULL,"IM TERRASSA 1 FTGENCAT FTA",NULL
INTERMONEY,301,5,1,"IM TERRASSA MBS 1",V84777820,"1980-01-01 00:00:00",NULL,NULL,"IM TERRASSA MBS 1, FONDO DE TITULIZACION DE ACTIVOS",NULL
INTERMONEY,302,5,1,"IM TERRASSA RMBS 1",V85420362,"1980-01-01 00:00:00",NULL,NULL,"IM TERRASSA RMBS 1, FONDO DE TITULIZACION DE ACTIVOS",NULL
INTERMONEY,303,5,1,"INTERMONEY MASTER CEDULAS",V84522630,"1980-01-01 00:00:00",NULL,NULL,"INTERMONEY MASTER CEDULAS, FONDO DE TITULIZACION DE ACTIVOS",NULL
INTERMONEY,464,5,2,"IM CAJAMAR EMPRESAS 3",V85621332,"1980-01-01 00:00:00",0.00,NULL,"IM CAJAMAR EMPRESAS 3, FONDO DE TITULIZACION DE ACTIVOS",NULL
SANTANDER,304,6,1,"EMPRESAS BANESTO 2",V85475804,"2008-06-24 00:00:00",NULL,NULL,"EMPRESAS BANESTO 2, FONDO DE TITULIZACION DE ACTIVOS",NULL
SANTANDER,305,6,1,"EMPRESAS BANESTO 3",V85586923,"2008-12-04 00:00:00",NULL,NULL,"EMPRESAS BANESTO 3, FONDO DE TITULIZACION DE ACTIVOS",NULL
SANTANDER,306,6,1,"EMPRESAS BANESTO 4",V85707909,"2009-05-21 00:00:00",NULL,NULL,"EMPRESAS BANESTO 4, FONDO DE TITULIZACION DE ACTIVOS",NULL
SANTANDER,307,6,1,"EMPRESAS BANESTO 5",V86031168,"2010-09-09 00:00:00",NULL,NULL,"EMPRESAS BANESTO 5, FONDO DE TITULIZACION DE ACTIVOS",NULL
SANTANDER,308,6,1,"EMPRESAS BANESTO 6",V86320322,"2011-10-18 00:00:00",NULL,NULL,"EMPRESAS BANESTO 6, FONDO DE TITULIZACION DE ACTIVOS",NULL
SANTANDER,309,6,1,"EMPRESAS BANESTO I",V85231009,"2007-10-04 00:00:00",NULL,NULL,"EMPRESAS BANESTO I FONDO DE TITULIZACION DE ACTIVOS",NULL
SANTANDER,310,6,1,"PROGRAMA INDEPENDIENTE DE TITULIZ. DE CED. HIPOTECARIA",V85166619,"2007-07-10 00:00:00",NULL,NULL,"F.T.A. PROGRAMA INDEPENDIENTE DE TITULIZ. DE CED. HIPOTECARIA",NULL
SANTANDER,311,6,1,"F.T.H. BANESTO 5",V86159282,"2011-02-24 00:00:00",NULL,NULL,"F.T.H. BANESTO 5, FONDO DE TITULIZACIÃN HIPOTECARIA",NULL
SANTANDER,312,6,1,"CONSUMO SANTANDER I",V83581629,"2003-03-03 00:00:00",NULL,NULL,"FONDO DE TITULIZACION DE ACTIVOS CONSUMO SANTANDER I",NULL
SANTANDER,313,6,1,"PYMES BANESTO 3",V86642048,"1980-01-01 00:00:00",NULL,NULL,"FONDO DE TITULIZACION DE ACTIVOS PYMES BANESTO 3",NULL
SANTANDER,314,6,1,"PYMES SANTANDER 3",V86514676,"1980-01-01 00:00:00",NULL,NULL,"FONDO DE TITULIZACION DE ACTIVOS PYMES SANTANDER 3",NULL
SANTANDER,315,6,1,"PYMES SANTANDER 4",V86589686,"1980-01-01 00:00:00",NULL,NULL,"FONDO DE TITULIZACION DE ACTIVOS PYMES SANTANDER 4",NULL
SANTANDER,316,6,1,"PYMES SANTANDER 5",V86735149,"1980-01-01 00:00:00",NULL,NULL,"FONDO DE TITULIZACION DE ACTIVOS PYMES SANTANDER 5",NULL
SANTANDER,317,6,1,"PYMES SANTANDER 6",V86867959,"1980-01-01 00:00:00",NULL,NULL,"FONDO DE TITULIZACION DE ACTIVOS PYMES SANTANDER 6",NULL
SANTANDER,318,6,1,"RMBS PRADO 1",V87298592,"1980-01-01 00:00:00",NULL,NULL,"FONDO DE TITULIZACION DE ACTIVOS RMBS PRADO 1",NULL
SANTANDER,319,6,1,"RMBS SANTANDER 2",V87059002,"1980-01-01 00:00:00",NULL,NULL,"FONDO DE TITULIZACION DE ACTIVOS RMBS SANTANDER 2",NULL
SANTANDER,320,6,1,"RMBS SANTANDER 3",V87144002,"1980-01-01 00:00:00",NULL,NULL,"FONDO DE TITULIZACION DE ACTIVOS RMBS SANTANDER 3",NULL
SANTANDER,321,6,1,"SANTANDER AUTO 1",V84306059,"1980-01-01 00:00:00",NULL,NULL,"FONDO DE TITULIZACION DE ACTIVOS SANTANDER AUTO 1",NULL
SANTANDER,322,6,1,"SANTANDER CONSUMER SPAIN 07-2",V85211753,"1980-01-01 00:00:00",NULL,NULL,"FONDO DE TITULIZACION DE ACTIVOS SANTANDER CONSUMER SPAIN 07-2",NULL
SANTANDER,323,6,1,"SANTANDER CONSUMER SPAIN AUTO 06",V84850163,"1980-01-01 00:00:00",NULL,NULL,"FONDO DE TITULIZACION DE ACTIVOS SANTANDER CONSUMER SPAIN AUTO 06",NULL
SANTANDER,324,6,1,"SANTANDER CONSUMER SPAIN AUTO 07-1",V85104685,"1980-01-01 00:00:00",NULL,NULL,"FONDO DE TITULIZACION DE ACTIVOS SANTANDER CONSUMER SPAIN AUTO 07-1",NULL
SANTANDER,325,6,1,"SANTANDER CONSUMER SPAIN AUTO 2011-1",V86352242,"1980-01-01 00:00:00",NULL,NULL,"FONDO DE TITULIZACION DE ACTIVOS SANTANDER CONSUMER SPAIN AUTO 2011-1",NULL
SANTANDER,326,6,1,"SANTANDER CONSUMER SPAIN AUTO 2012-1",V86595758,"1980-01-01 00:00:00",NULL,NULL,"FONDO DE TITULIZACION DE ACTIVOS SANTANDER CONSUMER SPAIN AUTO 2012-1",NULL
SANTANDER,327,6,1,"SANTANDER CONSUMER SPAIN AUTO 2014-1",V87151460,"1980-01-01 00:00:00",NULL,NULL,"FONDO DE TITULIZACION DE ACTIVOS SANTANDER CONSUMER SPAIN AUTO 2014-1",NULL
SANTANDER,328,6,1,"SANTANDER FINANCIACION 1",V84919968,"1980-01-01 00:00:00",NULL,NULL,"FONDO DE TITULIZACION DE ACTIVOS SANTANDER FINANCIACION 1",NULL
SANTANDER,329,6,1,"SANTANDER FINANCIACION 4",V85782753,"1980-01-01 00:00:00",NULL,NULL,"FONDO DE TITULIZACION DE ACTIVOS SANTANDER FINANCIACION 4",NULL
SANTANDER,330,6,1,"SANTANDER FINANCIACION 5",V86248432,"1980-01-01 00:00:00",NULL,NULL,"FONDO DE TITULIZACION DE ACTIVOS SANTANDER FINANCIACION 5",NULL
SANTANDER,331,6,1,"SANTANDER HIPOTECARIO 2",V84761725,"1980-01-01 00:00:00",NULL,NULL,"FONDO DE TITULIZACION DE ACTIVOS SANTANDER HIPOTECARIO 2",NULL
SANTANDER,332,6,1,"SANTANDER HIPOTECARIO 3",V85051993,"1980-01-01 00:00:00",NULL,NULL,"FONDO DE TITULIZACION DE ACTIVOS SANTANDER HIPOTECARIO 3",NULL
SANTANDER,333,6,1,"SANTANDER HIPOTECARIO 4",V85225142,"1980-01-01 00:00:00",NULL,NULL,"FONDO DE TITULIZACION DE ACTIVOS SANTANDER HIPOTECARIO 4",NULL
SANTANDER,334,6,1,"SANTANDER HIPOTECARIO 5",V85559938,"1980-01-01 00:00:00",NULL,NULL,"FONDO DE TITULIZACION DE ACTIVOS SANTANDER HIPOTECARIO 5",NULL
SANTANDER,335,6,1,"SANTANDER HIPOTECARIO 6",V85963353,"1980-01-01 00:00:00",NULL,NULL,"FONDO DE TITULIZACION DE ACTIVOS SANTANDER HIPOTECARIO 6",NULL
SANTANDER,336,6,1,"SANTANDER HIPOTECARIO 7",V86268331,"1980-01-01 00:00:00",NULL,NULL,"FONDO DE TITULIZACION DE ACTIVOS SANTANDER HIPOTECARIO 7",NULL
SANTANDER,337,6,1,"SANTANDER HIPOTECARIO 8",V86357589,"1980-01-01 00:00:00",NULL,NULL,"FONDO DE TITULIZACION DE ACTIVOS SANTANDER HIPOTECARIO 8",NULL
SANTANDER,338,6,1,"SANTANDER HIPOTECARIO 9",V86765765,"1980-01-01 00:00:00",NULL,NULL,"FONDO DE TITULIZACION DE ACTIVOS SANTANDER HIPOTECARIO 9",NULL
SANTANDER,339,6,1,"UCI 6",V82699232,"2000-06-13 00:00:00",NULL,NULL,"FONDO DE TITULIZACION DE ACTIVOS UCI 6",NULL
SANTANDER,340,6,1,"UCI 7",V83129007,"2001-08-24 00:00:00",NULL,NULL,"FONDO DE TITULIZACION DE ACTIVOS UCI 7",NULL
SANTANDER,341,6,1,"UCI 8",V83353557,"2002-06-20 00:00:00",NULL,NULL,"FONDO DE TITULIZACION DE ACTIVOS UCI 8",NULL
SANTANDER,342,6,1,"UCI 9",V83681296,"2003-06-12 00:00:00",NULL,NULL,"FONDO DE TITULIZACION DE ACTIVOS UCI 9",NULL
SANTANDER,343,6,1,"UCI 11",V84159268,"2004-11-16 00:00:00",NULL,NULL,"FONDO DE TITULIZACION DE ACTIVOS UCI 11",NULL
SANTANDER,344,6,1,"UCI 14",V84521525,"2005-11-25 00:00:00",NULL,NULL,"FONDO DE TITULIZACION DE ACTIVOS UCI 14",NULL
SANTANDER,345,6,1,"UCI 16",V84856236,"2006-10-17 00:00:00",NULL,NULL,"FONDO DE TITULIZACION DE ACTIVOS UCI 16",NULL
SANTANDER,346,6,1,"UCI 18",V85369213,"2008-02-26 00:00:00",NULL,NULL,"FONDO DE TITULIZACION DE ACTIVOS UCI 18",NULL
SANTANDER,347,6,1,"HIPOTEBANSA 11",V83482844,"2002-11-22 00:00:00",NULL,NULL,"FONDO DE TITULIZACION DE ACTIVOS, HIPOTEBANSA 11",NULL
SANTANDER,348,6,1,"RMBS SANTANDER 1",V87043295,"2014-06-17 00:00:00",NULL,NULL,"FONDO DE TITULIZACION DE ACTIVOS, RMBS SANTANDER 1",NULL
SANTANDER,349,6,1,"UCI 15",V84698067,"2006-04-27 00:00:00",NULL,NULL,"FONDO DE TITULIZACION DE ACTIVOS, UCI 15",NULL
SANTANDER,350,6,1,"UCI 17",V85088722,"2007-05-03 00:00:00",NULL,NULL,"FONDO DE TITULIZACION DE ACTIVOS, UCI 17",NULL
SANTANDER,351,6,1,"UCI 19",V85659001,"2009-03-12 00:00:00",NULL,NULL,"FONDO DE TITULIZACION DE ACTIVOS, UCI 19",NULL
SANTANDER,352,6,1,"UCI 4",V82071614,"1980-01-01 00:00:00",NULL,NULL,"FONDO DE TITULIZACION HIPOTECARIA UCI 4",NULL
SANTANDER,353,6,1,"UCI 5",V82357567,"1999-06-01 00:00:00",NULL,NULL,"FONDO DE TITULIZACION HIPOTECARIA UCI 5",NULL
SANTANDER,354,6,1,"UCI 10",V83998542,"2002-06-20 00:00:00",NULL,NULL,"FONDO DE TITULIZACION HIPOTECARIA UCI 10",NULL
SANTANDER,355,6,1,"UCI 12",V84359926,"2002-06-26 00:00:00",NULL,NULL,"FONDO DE TITULIZACION HIPOTECARIA UCI 12",NULL
SANTANDER,356,6,1,"BANESTO 1",V82408469,"1980-01-01 00:00:00",NULL,NULL,"FONDO DE TITULIZACION HIPOTECARIA, BANESTO 1",NULL
SANTANDER,357,6,1,"BANESTO 2",V82660044,"1980-01-01 00:00:00",NULL,NULL,"FONDO DE TITULIZACION HIPOTECARIA, BANESTO 2",NULL
SANTANDER,358,6,1,"BANESTO 3",V83057448,"1980-01-01 00:00:00",NULL,NULL,"FONDO DE TITULIZACION HIPOTECARIA, BANESTO 3",NULL
SANTANDER,359,6,1,"BANESTO 4",V83841379,"1980-01-01 00:00:00",NULL,NULL,"FONDO DE TITULIZACION HIPOTECARIA, BANESTO 4",NULL
SANTANDER,360,6,1,"PYMES SANTANDER 12",V87436143,"1980-01-01 00:00:00",NULL,NULL,"FONDO DE TITULIZACION PYMES SANTANDER 12",NULL
SANTANDER,361,6,1,"RMBS SANTANDER 4",V87320073,"2015-06-23 00:00:00",NULL,NULL,"FONDO DE TITULIZACION, RMBS SANTANDER 4",NULL
SANTANDER,362,6,1,"FTPYME BANESTO 1",V83342428,"1980-01-01 00:00:00",NULL,NULL,"FTPYME BANESTO 1, FONDO DE TITULIZACION DE ACTIVOS",NULL
SANTANDER,363,6,1,"PYMES BANESTO 2",V84893106,"1980-01-01 00:00:00",NULL,NULL,"PYMES BANESTO 2, FONDO DE TITULIZACION DE ACTIVOS",NULL
SANTANDER,364,6,1,"SANTANDER CONSUMER FINANCE SPAIN 02-1",V83495143,"1980-01-01 00:00:00",NULL,NULL,"SANTANDER CONSUMER FINANCE SPAIN 02-1, FTA",NULL
SANTANDER,365,6,1,"SANTANDER HIPOTECARIO I",V84026756,"1980-01-01 00:00:00",NULL,NULL,"SANTANDER HIPOTECARIO I, FONDO DE TITULIZACION DE ACTIVOS",NULL
SANTANDER,465,6,1,"SANTANDER CONSUMER SPAIN 09-1",V85638872,"1980-01-01 00:00:00",NULL,NULL,"SANTANDER CONSUMER SPAIN 09-1, FONDO DE TITULIZACION DE ACTIVOS",NULL
SANTANDER,466,6,1,"SANTANDER CONSUMER SPAIN 08-1",V85500973,"1980-01-01 00:00:00",NULL,NULL,"FONDO DE TITULIZACION DE ACTIVOS, SANTANDER CONSUMER SPAIN 08-1",NULL
SANTANDER,468,6,1,"FT RMBS PRADO II",V87516449,"2016-03-15 00:00:00",NULL,http://www.cnmv.es/Portal/verDoc.axd?t={8f104aaa-0dc2-43f1-bb4a-a86d651b08cf},"FT RMBS PRADO II",8f104aaa-0dc2-43f1-bb4a-a86d651b08cf
TDA,366,7,1,"CAIXA PENEDES 1 TDA",V84856319,"2006-10-17 00:00:00",NULL,NULL,"CAIXA PENEDES 1 TDA, FONDO DE TITULIZACION DE ACTIVOS",NULL
TDA,367,7,1,"CAIXA PENEDES 2 TDA",V85219772,"2007-09-26 00:00:00",NULL,NULL,"CAIXA PENEDES 2 TDA, FONDO DE TITULIZACION DE ACTIVOS",NULL
TDA,368,7,1,"CAIXA PENEDES FT GENCAT 1 TDA",V85500866,"2008-08-05 00:00:00",NULL,NULL,"CAIXA PENEDES FT GENCAT 1 TDA, FONDO DE TITULIZACION DE ACTIVOS",NULL
TDA,369,7,1,"CAIXA PENEDES PYMES 1 TDA",V85143659,"2007-06-22 00:00:00",NULL,NULL,"CAIXA PENEDES PYMES 1 TDA, FONDO DE TITULIZACION DE ACTIVOS",NULL
TDA,370,7,1,"CAJA INGENIEROS TDA 1",V85732816,"2009-07-06 00:00:00",NULL,NULL,"CAJA INGENIEROS TDA 1, FONDO DE TITULIZACION DE ACTIVOS",NULL
TDA,371,7,1,"CAMGE CONSUMO TDA CAM 1",V85685113,"2009-04-22 00:00:00",NULL,NULL,"CAMGE CONSUMO TDA CAM 1, FONDO DE TITULIZACION DE ACTIVOS",NULL
TDA,372,7,1,"CEDULAS TDA 5",V84166610,"2004-11-24 00:00:00",NULL,NULL,"CEDULAS TDA 5, FONDO DE TITULIZACION DE ACTIVOS",NULL
TDA,373,7,1,"CEDULAS TDA 6",V84344696,"2005-05-18 00:00:00",NULL,NULL,"CEDULAS TDA 6, FONDO DE TITULIZACION DE ACTIVOS",NULL
TDA,374,7,1,"CEDULAS TDA 7",V84372242,"2005-06-15 00:00:00",NULL,NULL,"CEDULAS TDA 7, FONDO DE TITULIZACION DE ACTIVOS",NULL
TDA,375,7,1,"CEDULAS TDA 9",V85277408,"2007-11-27 00:00:00",NULL,NULL,"CEDULAS TDA 9, FONDO DE TITULIZACIÃN DE ACTIVOS",NULL
TDA,376,7,1,"CEDULAS TDA 10",V85376655,"2008-03-04 00:00:00",NULL,NULL,"CEDULAS TDA 10 FONDO DE TITULIZACION DE ACTIVOS",NULL
TDA,377,7,1,"CEDULAS TDA 12",V85470177,"2008-06-24 00:00:00",NULL,NULL,"CEDULAS TDA 12, FONDO DE TITULIZACION DE ACTIVOS",NULL
TDA,378,7,1,"CEDULAS TDA 18",V85924934,"2010-04-06 00:00:00",NULL,NULL,"CEDULAS TDA 18, FONDO DE TITULIZACION DE ACTIVOS",NULL
TDA,379,7,1,"CEDULAS TDA 19",V85981140,"2010-06-17 00:00:00",NULL,NULL,"CEDULAS TDA 19, FONDO DE TITULIZACION DE ACTIVOS",NULL
TDA,380,7,1,"CEDULAS TDA 20",V85981181,"2010-06-15 00:00:00",NULL,NULL,"CEDULAS TDA 20, FONDO DE TITULIZACION DE ACTIVOS",NULL
TDA,381,7,1,"CEDULAS TDA 21",V86104858,"2010-12-21 00:00:00",NULL,NULL,"CEDULAS TDA 21, FONDO DE TITULIZACION",NULL
TDA,382,7,1,"CIBELES III FTPYME",V83845651,"2003-12-17 00:00:00",NULL,NULL,"CIBELES III FTPYME, FONDO DE TITULIZACION DE ACTIVOS",NULL
TDA,383,7,1,"CM BANCAJA 1",V84459171,"2005-09-27 00:00:00",NULL,NULL,"CM BANCAJA 1, FONDO DE TITULIZACION DE ACTIVOS",NULL
TDA,384,7,1,"EMPRESAS HIPOTECARIO TDA CAM 3",V84768563,"2006-07-06 00:00:00",NULL,NULL,"EMPRESAS HIPOTECARIO TDA CAM 3, FONDO DE TITULIZACION DE ACTI",NULL
TDA,385,7,1,"EMPRESAS HIPOTECARIO TDA CAM 5",V85238731,"2007-10-16 00:00:00",NULL,NULL,"EMPRESAS HIPOTECARIO TDA CAM 5, FONDO DE TITULIZACION DE ACTI",NULL
TDA,386,7,1,"EMPRESAS TDA CAM 6",V85395937,"2008-03-18 00:00:00",NULL,NULL,"EMPRESAS TDA CAM 6, FONDO DE TITULIZACION DE ACTIVOS",NULL
TDA,387,7,1,"EMPRESAS TDA CAM 8",V85729895,"2009-07-03 00:00:00",NULL,NULL,"EMPRESAS TDA CAM 8, FONDO DE TITULIZACION DE ACTIVOS",NULL
TDA,388,7,1,"FTPYME ICO-TDA 1",ESP-012206,"2000-02-29 00:00:00",NULL,NULL,"FTPYME ICO-TDA 1, FONDO DE TITULIZACION",NULL
TDA,389,7,1,"FTPYME ICO-TDA 2",V82923707,"2001-02-20 00:00:00",NULL,NULL,"FTPYME ICO-TDA 2, FONDO DE TITULIZACION",NULL
TDA,390,7,1,"FTPYME TDA 3",V83234658,"2002-02-13 00:00:00",NULL,NULL,"FTPYME TDA 3, FONDO DE TITULIZACION DE ACTIVOS",NULL
TDA,391,7,1,"FTPYME TDA 7",V85295152,"2007-12-20 00:00:00",NULL,NULL,"FTPYME TDA 7, FONDO DE TITULIZACION DE ACTIVOS",NULL
TDA,392,7,1,"FTPYME TDA CAM 1",V83348334,"2002-06-17 00:00:00",NULL,NULL,"FTPYME TDA CAM 1, FONDO DE TITULIZACION DE ACTIVOS",NULL
TDA,393,7,1,"FTPYME TDA CAM 2",V84158385,"2004-11-16 00:00:00",NULL,NULL,"FTPYME TDA CAM 2, FONDO DE TITULIZACION DE ACTIVOS",NULL
TDA,394,7,1,"FTPYME TDA CAM 4",V84918689,"2006-12-12 00:00:00",NULL,NULL,"FTPYME TDA CAM 4, FONDO DE TITULIZACION DE ACTIVOS",NULL
TDA,395,7,1,"FTPYME TDA CAM 7",V85500874,"2008-07-31 00:00:00",NULL,NULL,"FTPYME TDA CAM 7, FONDO DE TITULIZACION DE ACTIVOS",NULL
TDA,396,7,1,"FTPYME TDA CAM 9",V86092673,"2010-12-14 00:00:00",NULL,NULL,"FTPYME TDA CAM 9, FONDO DE TITULIZACION DE ACTIVOS",NULL
TDA,397,7,1,"FTPYME TDA SABADELL 1",V83335349,"2012-05-30 00:00:00",NULL,NULL,"FTPYME TDA SABADELL 1, FONDO DE TITULIZACION DE ACTIVOS",NULL
TDA,398,7,1,"FTPYME TDA SABADELL 2",V83807206,"2003-11-10 00:00:00",NULL,NULL,"FTPYME TDA SABADELL 2, FONDO DE TITULIZACION DE ACTIVOS",NULL
TDA,399,7,1,"MADRID CONSUMO I",V85595098,"2008-12-16 00:00:00",NULL,NULL,"MADRID CONSUMO I, FONDO DE TITULIZACION DE ACTIVOS",NULL
TDA,400,7,1,"MADRID EMPRESAS I",V85295046,"2007-12-21 00:00:00",NULL,NULL,"MADRID EMPRESAS I, FONDO DE TITULIZACION DE ACTIVOS",NULL
TDA,401,7,1,"MADRID FTPYME II",V86356474,"2011-12-22 00:00:00",NULL,NULL,"MADRID FTPYME II, FONDO DE TITULIZACION DE ACTIVOS",NULL
TDA,402,7,1,"MADRID FTPYME I",V86100104,"2010-12-14 00:00:00",NULL,NULL,"MADRID FTPYME I, FONDO DE TITULIZACION DE ACTIVOS",NULL
TDA,403,7,1,"MADRID ICO-FTVPO I",V85586055,"2008-12-19 00:00:00",NULL,NULL,"MADRID ICO-FTVPO I, FONDO DE TITULIZACION DE ACTIVOS",NULL
TDA,404,7,1,"MADRID RESIDENCIAL II",V85981231,"2010-06-24 00:00:00",NULL,NULL,"MADRID RESIDENCIAL II, FONDO DE TITULIZACION DE ACTIVOS",NULL
TDA,405,7,1,"MADRID RESIDENCIAL I",V85594927,"2008-12-23 00:00:00",NULL,NULL,"MADRID RESIDENCIAL I, FONDO DE TITULIZACION DE ACTIVOS",NULL
TDA,406,7,1,"MADRID RMBS III",V85160935,"2007-07-10 00:00:00",NULL,NULL,"MADRID RMBS III FONDO DE TITULIZACION DE ACTIVOS",NULL
TDA,407,7,1,"MADRID RMBS II",V84916956,"2006-12-05 00:00:00",NULL,NULL,"MADRID RMBS II, FONDO DE TITULIZACION DE ACTIVOS",NULL
TDA,408,7,1,"MADRID RMBS IV",V85295087,"2007-12-18 00:00:00",NULL,NULL,"MADRID RMBS IV, FONDO DE TITULIZACION DE ACTIVOS",NULL
TDA,409,7,1,"MADRID RMBS I",V84889229,"2006-11-14 00:00:00",NULL,NULL,"MADRID RMBS I, FONDO DE TITULIZACION DE ACTIVOS",NULL
TDA,410,7,1,SOL-LION,V85683431,"2009-05-14 00:00:00",NULL,NULL,"SOL-LION, FONDO DE TITULIZACION DE ACTIVOS",NULL
TDA,411,7,1,"TDA 13 - MIXTO",V82841263,"2000-12-04 00:00:00",NULL,NULL,"TDA 13 - MIXTO, FONDO DE TITULIZACION DE ACTIVOS",NULL
TDA,412,7,1,"TDA 14 - MIXTO",V83035477,"2001-06-20 00:00:00",NULL,NULL,"TDA 14 - MIXTO, FONDO DE TITULIZACION DE ACTIVOS",NULL
TDA,413,7,1,"TDA 15 - MIXTO",V83458653,"2002-10-31 00:00:00",NULL,NULL,"TDA 15 - MIXTO, FONDO DE TITULIZACION DE ACTIVOS",NULL
TDA,414,7,1,"TDA 16 - MIXTO",V83658963,"2003-05-28 00:00:00",NULL,NULL,"TDA 16 - MIXTO, FONDO DE TITULIZACION DE ACTIVOS",NULL
TDA,415,7,1,"TDA 19 - MIXTO",V83917526,"2004-02-26 00:00:00",NULL,NULL,"TDA 19 - MIXTO, FONDO DE TITULIZACION DE ACTIVOS",NULL
TDA,416,7,1,"TDA 20 - MIXTO",V84041052,"2004-06-24 00:00:00",NULL,NULL,"TDA 20 - MIXTO, FONDO DE TITULIZACION DE ACTIVOS",NULL
TDA,417,7,1,"TDA 22 - MIXTO",V84175744,"2004-11-30 00:00:00",NULL,NULL,"TDA 22 - MIXTO, FONDO DE TITULIZACION DE ACTIVOS",NULL
TDA,418,7,1,"TDA 23",V84286491,"2005-03-17 00:00:00",NULL,NULL,"TDA 23, FONDO DE TITULIZACION DE ACTIVOS",NULL
TDA,419,7,1,"TDA 24",V84522655,"2005-11-25 00:00:00",NULL,NULL,"TDA 24, FONDO DE TITULIZACION DE ACTIVOS",NULL
TDA,420,7,1,"TDA 25",V84791409,"2006-07-28 00:00:00",NULL,NULL,"TDA 25, FONDO DE TITULIZACION DE ACTIVOS",NULL
TDA,421,7,1,"TDA 26 - MIXTO",V84764588,"2006-07-04 00:00:00",NULL,NULL,"TDA 26 - MIXTO, FONDO DE TITULIZACION DE ACTIVOS",NULL
TDA,422,7,1,"TDA 27",V84925569,"2006-12-19 00:00:00",NULL,NULL,"TDA 27, FONDO DE TITULIZACION DE ACTIVOS",NULL
TDA,423,7,1,"TDA 28",V85167864,"2007-07-17 00:00:00",NULL,NULL,"TDA 28, FONDO DE TITULIZACION DE ACTIVOS",NULL
TDA,424,7,1,"TDA 29",V85162188,"2007-07-24 00:00:00",NULL,NULL,"TDA 29, FONDO DE TITULIZACION DE ACTIVOS",NULL
TDA,425,7,1,"TDA 30",V85384683,"2008-03-11 00:00:00",NULL,NULL,"TDA 30, FONDO DE TITULIZACION DE ACTIVOS",NULL
TDA,426,7,1,"TDA 31, FONDO DE TITULIZACION DE ACTIVOS",V85567253,"2008-11-18 00:00:00",NULL,NULL,"TDA 31, FONDO DE TITULIZACION DE ACTIVOS",NULL
TDA,427,7,1,"TDA CAJAMAR 2",V84348655,"2015-05-17 00:00:00",NULL,NULL,"TDA CAJAMAR 2, FONDO DE TITULIZACION DE ACTIVOS",NULL
TDA,428,7,1,"TDA CAM 1",V83593335,"2003-03-07 00:00:00",NULL,NULL,"TDA CAM 1, FONDO DE TITULIZACION DE ACTIVOS",NULL
TDA,429,7,1,"TDA CAM 2",V83691329,"2003-06-26 00:00:00",NULL,NULL,"TDA CAM 2, FONDO DE TITULIZACION DE ACTIVOS",NULL
TDA,430,7,1,"TDA CAM 3",V83869834,"2004-01-15 00:00:00",NULL,NULL,"TDA CAM 3, FONDO DE TITULIZACION DE ACTIVOS",NULL
TDA,431,7,1,"TDA CAM 4",V84274646,"2005-03-09 00:00:00",NULL,NULL,"TDA CAM 4, FONDO DE TITULIZACION DE ACTIVOS",NULL
TDA,432,7,1,"TDA CAM 5",V84466135,"2005-10-05 00:00:00",NULL,NULL,"TDA CAM 5, FONDO DE TITULIZACION DE ACTIVOS",NULL
TDA,433,7,1,"TDA CAM 6",V84664358,"2006-03-29 00:00:00",NULL,NULL,"TDA CAM 6, FONDO DE TITULIZACION DE ACTIVOS",NULL
TDA,434,7,1,"TDA CAM 7",V84851724,"2006-10-13 00:00:00",NULL,NULL,"TDA CAM 7, FONDO DE TITULIZACION DE ACTIVOS",NULL
TDA,435,7,1,"TDA CAM 8",V85017986,"2007-03-07 00:00:00",NULL,NULL,"TDA CAM 8, FONDO DE TITULIZACION DE ACTIVOS",NULL
TDA,436,7,1,"TDA CAM 9",V85151918,"2007-07-03 00:00:00",NULL,NULL,"TDA CAM 9, FONDO DE TITULIZACION DE ACTIVOS",NULL
TDA,437,7,1,"TDA CAM 10",V85289593,"2007-12-05 00:00:00",NULL,NULL,"TDA CAM 10, FONDO DE TITULIZACION DE ACTIVOS",NULL
TDA,438,7,1,"TDA CAM 11",V85567220,"2008-11-12 00:00:00",NULL,NULL,"TDA CAM 11, FONDO DE TITULIZACION DE ACTIVOS",NULL
TDA,439,7,1,"TDA CAM 12",V85628204,"2009-02-05 00:00:00",NULL,NULL,"TDA CAM 12, FONDO DE TITULIZACION DE ACTIVOS",NULL
TDA,440,7,1,"TDA CCM CONSUMO 1",V85449999,"2008-05-27 00:00:00",NULL,NULL,"TDA CCM CONSUMO 1, FONDO DE TITULIZACION DE ACTIVOS",NULL
TDA,441,7,1,"TDA CORPORATIVOS I",V85683464,"2009-11-19 00:00:00",NULL,NULL,"TDA CORPORATIVOS I, FONDO DE TITULIZACION DE ACTIVOS",NULL
TDA,442,7,1,"TDA CREDIFIMO 1",V85480572,"2008-07-31 00:00:00",NULL,NULL,"TDA CREDIFIMO 1, FONDO DE TITULIZACION DE ACTIVOS",NULL
TDA,443,7,1,"TDA EMPRESAS PASTOR 5",V85295228,"2007-12-14 00:00:00",NULL,NULL,"TDA EMPRESAS PASTOR 5, FONDO DE TITULIZACION DE ACTIVOS",NULL
TDA,444,7,1,"TDA FTPYME PASTOR 9",V86081106,"2010-11-25 00:00:00",NULL,NULL,"TDA FTPYME PASTOR 9, FONDO DE TITULIZACION DE ACTIVOS",NULL
TDA,445,7,1,"TDA IBERCAJA 1",V83768986,"2003-10-07 00:00:00",NULL,NULL,"TDA IBERCAJA 1, FONDO DE TITULIZACION DE ACTIVOS",NULL
TDA,446,7,1,"TDA IBERCAJA 2",V84473230,"2005-10-11 00:00:00",NULL,NULL,"TDA IBERCAJA 2, FONDO DE TITULIZACION DE ACTIVOS",NULL
TDA,447,7,1,"TDA IBERCAJA 3",V84709674,"2006-05-11 00:00:00",NULL,NULL,"TDA IBERCAJA 3, FONDO DE TITULIZACION DE ACTIVOS",NULL
TDA,448,7,1,"TDA IBERCAJA 4",V84856954,"2006-10-17 00:00:00",NULL,NULL,"TDA IBERCAJA 4, FONDO DE TITULIZACION DE ACTIVOS",NULL
TDA,449,7,1,"TDA IBERCAJA 5",V85095115,"2007-05-08 00:00:00",NULL,NULL,"TDA IBERCAJA 5, FONDO DE TITULIZACION DE ACTIVOS",NULL
TDA,450,7,1,"TDA IBERCAJA 6",V85471001,"2008-06-19 00:00:00",NULL,NULL,"TDA IBERCAJA 6, FONDO DE TITULIZACION DE ACTIVOS",NULL
TDA,451,7,1,"TDA IBERCAJA 7",V85825321,"2009-12-17 00:00:00",NULL,NULL,"TDA IBERCAJA 7, FONDO DE TITULIZACION DE ACTIVOS",NULL
TDA,452,7,1,"TDA IBERCAJA ICO-FTVPO",V85733970,"2009-07-14 00:00:00",NULL,NULL,"TDA IBERCAJA ICO-FTVPO, FONDO DE TITULIZACION HIPOTECARIA",NULL
TDA,453,7,1,"TDA PASTOR 1",V83572081,"2003-02-24 00:00:00",NULL,NULL,"TDA PASTOR 1, FONDO DE TITULIZACION DE ACTIVOS",NULL
TDA,454,7,1,"TDA PASTOR CONSUMO 1",V85081065,"2007-04-24 00:00:00",NULL,NULL,"TDA PASTOR CONSUMO 1, FONDO DE TITULIZACION DE ACTIVOS",NULL
TDA,455,7,1,"TDA SA NOSTRA EMPRESAS 1",V85501005,"2008-07-31 00:00:00",NULL,NULL,"TDA SA NOSTRA EMPRESAS 1, FONDO DE TITULIZACION DE ACTIVOS",NULL
TDA,456,7,1,"TDA TARRAGONA 1",V85276012,"2007-11-29 00:00:00",NULL,NULL,"TDA TARRAGONA 1, FONDO DE TITULIZACION DE ACTIVOS",NULL
TDA,457,7,1,"TDA UNICAJA 1",V85428886,"2010-05-08 00:00:00",NULL,NULL,"TDA UNICAJA 1, FONDO DE TITULIZACION DE ACTIVOS",NULL
TDA,458,7,1,"UNICAJA ANDALUCIA FTVIVIENDA TDA 1",V85825289,"2009-12-10 00:00:00",NULL,NULL,"UNICAJA ANDALUCIA FTVIVIENDA TDA 1, FONDO DE TITULIZACION DE ACTIVOS",NULL
TDA,459,7,1,"UNICAJA TDA VPO",V85723625,"2009-06-18 00:00:00",NULL,NULL,"UNICAJA TDA VPO, FONDO DE TITULIZACION DE ACTIVOS",NULL
