id,fundmanager_id,fundtype_id,fundname,nif,constdate,amount,numrecords,paginicio,pagfin,legible,folleto,liqdate,extdate,digitalizable
1,1,1,"BANCAJA 3, FONDO DE TITULIZACION DE ACTIVOS",V83385542,"2002-07-29 00:00:00",99999999.99,NULL,317,519,0,NULL,NULL,NULL,NULL
2,1,1,"BANCAJA 4, FONDO DE TITULIZACION HIPOTECARIA",V83458455,"1980-01-01 00:00:00",NULL,NULL,NULL,NULL,NULL,NULL,NULL,NULL,NULL
3,1,1,"BANCAJA 5, FONDO DE TITULIZACION DE ACTIVOS",V83624684,"2006-02-02 00:00:00",99999999.99,NULL,265,396,0,NULL,NULL,NULL,NULL
4,1,1,"BANCAJA 7, FONDO DE TITULIZACION DE ACTIVOS",V84054840,"2004-07-12 00:00:00",99999999.99,NULL,295,424,0,NULL,NULL,NULL,NULL
5,1,1,"BANCAJA 8, FONDO DE TITULIZACION DE ACTIVOS",V84322205,"2005-04-22 00:00:00",99999999.99,NULL,317,420,0,NULL,NULL,NULL,NULL
6,1,1,"BANCAJA 9, FONDO DE TITULIZACION DE ACTIVOS",V84593961,"2006-02-02 00:00:00",99999999.99,NULL,NULL,NULL,0,NULL,NULL,NULL,NULL
7,1,1,"BANCAJA 10, FONDO DE TITULIZACION DE ACTIVOS",V84966126,"2007-01-26 00:00:00",99999999.99,NULL,333,463,0,NULL,NULL,NULL,NULL
8,1,1,"BANCAJA 11, FONDO DE TITULIZACION DE ACTIVOS",V85164648,"2007-07-17 00:00:00",99999999.99,NULL,327,423,0,NULL,NULL,NULL,1
9,1,1,"BANCAJA 12, FONDO DE TITULIZACION DE ACTIVOS",V85409100,"2008-04-09 00:00:00",99999999.99,NULL,265,382,0,NULL,NULL,NULL,NULL
10,1,1,"BANCAJA 13, FONDO DE TITULIZACION DE ACTIVOS",V85587434,"2008-12-09 00:00:00",99999999.99,NULL,300,450,0,NULL,NULL,NULL,1
11,1,1,"BANCAJA LEASING 1, FONDO DE TITULIZACION DE ACTIVOS",V85802601,"1980-01-01 00:00:00",NULL,NULL,NULL,NULL,0,NULL,NULL,NULL,NULL
12,1,1,"BANKIA PYME I, FONDO DE TITULIZACION DE ACTIVOS",V86899804,"1980-01-01 00:00:00",NULL,NULL,NULL,NULL,0,NULL,NULL,NULL,NULL
13,1,1,"BANKINTER 2 PYME FONDO DE TITULIZACION DE ACTIVOS",V84752872,"1980-01-01 00:00:00",NULL,NULL,NULL,NULL,0,NULL,NULL,NULL,NULL
14,1,1,"BANKINTER 3 FTPYME FONDO DE TITULIZACION DE ACTIVOS",V85264117,"1980-01-01 00:00:00",NULL,NULL,NULL,NULL,0,NULL,NULL,NULL,NULL
15,1,1,"BANKINTER 3, FONDO DE TITULIZACION HIPOTECARIA",V83123406,"1980-01-01 00:00:00",NULL,NULL,NULL,NULL,0,NULL,NULL,NULL,NULL
16,1,1,"BANKINTER 4 FTPYME, FONDO DE TITULIZACION DE ACTIVOS",V85524791,"1980-01-01 00:00:00",NULL,NULL,NULL,NULL,0,NULL,NULL,NULL,NULL
17,1,1,"BANKINTER 4, FONDO DE TITULIZACION HIPOTECARIA",V83419192,"1980-01-01 00:00:00",NULL,NULL,NULL,NULL,0,NULL,NULL,NULL,NULL
18,1,1,"BANKINTER 6, FONDO DE TITULIZACION DE ACTIVOS",V83756114,"1980-01-01 00:00:00",NULL,NULL,NULL,NULL,0,NULL,NULL,NULL,NULL
19,1,1,"BANKINTER 7, FONDO DE TITULIZACION HIPOTECARIA",V83907055,"1980-01-01 00:00:00",NULL,NULL,NULL,NULL,0,NULL,NULL,NULL,NULL
20,1,1,"BANKINTER 8, FONDO DE TITULIZACION DE ACTIVOS",V83923425,"1980-01-01 00:00:00",NULL,NULL,NULL,NULL,0,NULL,NULL,NULL,NULL
21,1,1,"BANKINTER 9, FONDO DE TITULIZACION DE ACTIVOS",V84246099,"1980-01-01 00:00:00",NULL,NULL,NULL,NULL,0,NULL,NULL,NULL,NULL
22,1,1,"BANKINTER 11, FONDO DE TITULIZACION HIPOTECARIA",V84520899,"1980-01-01 00:00:00",NULL,NULL,NULL,NULL,0,NULL,NULL,NULL,NULL
23,1,1,"BANKINTER 12, FONDO DE TITULIZACION HIPOTECARIA",V84634575,"1980-01-01 00:00:00",NULL,NULL,NULL,NULL,0,NULL,NULL,NULL,NULL
24,1,1,"BANKINTER 13 FONDO DE TITULIZACION DE ACTIVOS",V84892272,"1980-01-01 00:00:00",NULL,NULL,NULL,NULL,0,NULL,NULL,NULL,NULL
25,1,1,"BANKINTER 14, FONDO DE TITULIZACION HIPOTECARIA",V85034130,"1980-01-01 00:00:00",NULL,NULL,NULL,NULL,0,NULL,NULL,NULL,NULL
26,1,1,"BANKINTER 15 FONDO DE TITULIZACION HIPOTECARIA",V85232072,"1980-01-01 00:00:00",NULL,NULL,NULL,NULL,0,NULL,NULL,NULL,NULL
27,1,1,"BANKINTER 16, FONDO DE TITULIZACION DE ACTIVOS",V85380764,"1980-01-01 00:00:00",NULL,NULL,NULL,NULL,0,NULL,NULL,NULL,NULL
28,1,1,"BANKINTER 17 FONDO DE TITULIZACION DE ACTIVOS",V85460590,"1980-01-01 00:00:00",NULL,NULL,NULL,NULL,0,NULL,NULL,NULL,NULL
29,1,1,"BANKINTER 18,FONDO DE TITULIZACION DE ACTIVOS",V85565604,"1980-01-01 00:00:00",NULL,NULL,NULL,NULL,0,NULL,NULL,NULL,NULL
30,1,1,"BANKINTER 19 FONDO DE TITULIZACION DE ACTIVOS",V85687887,"1980-01-01 00:00:00",NULL,NULL,NULL,NULL,0,NULL,NULL,NULL,NULL
31,1,1,"BANKINTER 20, FONDO DE TITULIZACION DE ACTIVOS",V85999894,"1980-01-01 00:00:00",NULL,NULL,NULL,NULL,0,NULL,NULL,NULL,NULL
32,1,1,"BANKINTER EMPRESAS 1, FONDO DE TITULIZACION DE ACTIVOS",V85658656,"1980-01-01 00:00:00",NULL,NULL,NULL,NULL,0,NULL,NULL,NULL,NULL
33,1,1,"BBV-MBS I, FONDO DE TITULIZACION HIPOTECARIA",V81335572,"1980-01-01 00:00:00",NULL,NULL,NULL,NULL,0,NULL,NULL,NULL,NULL
34,1,1,"BBVA-4 PYME, FONDO DE TITULIZACION DE ACTIVOS",V84455740,"1980-01-01 00:00:00",NULL,NULL,NULL,NULL,0,NULL,NULL,NULL,NULL
35,1,1,"BBVA-5 FTPYME, FONDO DE TITULIZACION DE ACTIVOS",V84859644,"1980-01-01 00:00:00",NULL,NULL,NULL,NULL,0,NULL,NULL,NULL,NULL
36,1,1,"BBVA-6 FTPYME FONDO DE TITULIZACION DE ACTIVOS",V85129138,"1980-01-01 00:00:00",NULL,NULL,NULL,NULL,0,NULL,NULL,NULL,NULL
37,1,1,"BBVA-7 FTGENCAT, FONDO DE TITULIZACION DE ACTIVOS",V85350304,"1980-01-01 00:00:00",NULL,NULL,NULL,NULL,0,NULL,NULL,NULL,NULL
38,1,1,"BBVA-8 FTPYME FONDO DE TITULIZACION DE ACTIVOS",V85496008,"1980-01-01 00:00:00",NULL,NULL,NULL,NULL,0,NULL,NULL,NULL,NULL
39,1,1,"BBVA-9 PYME FONDO DE TITULIZACION DE ACTIVOS",V86623634,"1980-01-01 00:00:00",NULL,NULL,NULL,NULL,0,NULL,NULL,NULL,NULL
40,1,1,"BBVA AUTOS 2 FONDO DE TITULIZACION DE ACTIVOS",V84533793,"1980-01-01 00:00:00",NULL,NULL,NULL,NULL,0,NULL,NULL,NULL,NULL
41,1,1,"BBVA CONSUMO 1, FONDO DE TITULIZACION DE ACTIVOS",V84702752,"1980-01-01 00:00:00",NULL,NULL,NULL,NULL,0,NULL,NULL,NULL,NULL
42,1,1,"BBVA CONSUMO 2, FONDO DE TITULIZACION DE ACTIVOS",V84901461,"1980-01-01 00:00:00",NULL,NULL,NULL,NULL,0,NULL,NULL,NULL,NULL
43,1,1,"BBVA CONSUMO 4 FONDO DE TITULIZACION DE ACTIVOS",V85839009,"1980-01-01 00:00:00",NULL,NULL,NULL,NULL,0,NULL,NULL,NULL,NULL
44,1,1,"BBVA CONSUMO 5, FONDO DE TITULIZACION DE ACTIVOS",V86102357,"1980-01-01 00:00:00",NULL,NULL,NULL,NULL,0,NULL,NULL,NULL,NULL
45,1,1,"BBVA CONSUMO 6, FONDO DE TITULIZACION DE ACTIVOS",V87118782,"1980-01-01 00:00:00",NULL,NULL,NULL,NULL,0,NULL,NULL,NULL,NULL
46,1,1,"BBVA EMPRESAS 1, FONDO DE TITULIZACION DE ACTIVOS",V85257657,"1980-01-01 00:00:00",NULL,NULL,NULL,NULL,0,NULL,NULL,NULL,NULL
47,1,1,"BBVA EMPRESAS 2, FONDO DE TITULIZACION DE ACTIVOS",V85653186,"1980-01-01 00:00:00",NULL,NULL,NULL,NULL,0,NULL,NULL,NULL,NULL
48,1,1,"BBVA EMPRESAS 3, FONDO DE TITULIZACION DE ACTIVOS",V85848422,"1980-01-01 00:00:00",NULL,NULL,NULL,NULL,0,NULL,NULL,NULL,NULL
49,1,1,"BBVA EMPRESAS 4, FONDO DE TITULIZACION DE ACTIVOS",V86005485,"1980-01-01 00:00:00",NULL,NULL,NULL,NULL,0,NULL,NULL,NULL,NULL
50,1,1,"BBVA EMPRESAS 5, FONDO DE TITULIZACION DE ACTIVOS",V86170537,"1980-01-01 00:00:00",NULL,NULL,NULL,NULL,0,NULL,NULL,NULL,NULL
51,1,1,"BBVA EMPRESAS 6, FONDO DE TITULIZACION DE ACTIVOS",V86359734,"1980-01-01 00:00:00",NULL,NULL,NULL,NULL,0,NULL,NULL,NULL,NULL
52,1,1,"BBVA HIPOTECARIO 3, FONDO DE TITULIZACION DE ACTIVO",V84373000,"1980-01-01 00:00:00",NULL,NULL,NULL,NULL,0,NULL,NULL,NULL,NULL
53,1,1,"BBVA RMBS 1, FONDO DE TITULIZACION DE ACTIVOS",V84994144,"1980-01-01 00:00:00",NULL,NULL,NULL,NULL,0,NULL,NULL,NULL,NULL
54,1,1,"BBVA RMBS 2, FONDO DE TITULIZACION DE ACTIVOS",V85044451,"1980-01-01 00:00:00",NULL,NULL,NULL,NULL,0,NULL,NULL,NULL,NULL
55,1,1,"BBVA RMBS 3, FONDO DE TITULIZACION DE ACTIVOS",V85172252,"1980-01-01 00:00:00",NULL,NULL,NULL,NULL,0,NULL,NULL,NULL,NULL
56,1,1,"BBVA RMBS 4, FONDO DE TITULIZACION DE ACTIVOS",V85271229,"1980-01-01 00:00:00",NULL,NULL,NULL,NULL,0,NULL,NULL,NULL,NULL
57,1,1,"BBVA RMBS 5 FONDO DE TITULIZACION DE ACTIVOS",V85447654,"1980-01-01 00:00:00",NULL,NULL,NULL,NULL,0,NULL,NULL,NULL,NULL
58,1,1,"BBVA RMBS 6 FONDO DE TITULIZACION DE ACTIVOS",V85565612,"1980-01-01 00:00:00",NULL,NULL,NULL,NULL,0,NULL,NULL,NULL,NULL
59,1,1,"BBVA RMBS 7, FONDO DE TITULIZACION DE ACTIVOS",V85576239,"1980-01-01 00:00:00",NULL,NULL,NULL,NULL,0,NULL,NULL,NULL,NULL
60,1,1,"BBVA RMBS 8, FONDO DE TITULIZACION DE ACTIVOS",V85746469,"1980-01-01 00:00:00",NULL,NULL,NULL,NULL,0,NULL,NULL,NULL,NULL
61,1,1,"BBVA RMBS 9, FONDO DE TITULIZACION DE ACTIVOS",V85936391,"1980-01-01 00:00:00",NULL,NULL,NULL,NULL,0,NULL,NULL,NULL,NULL
62,1,1,"BBVA RMBS 10, FONDO DE TITULIZACION DE ACTIVOS",V86245453,"1980-01-01 00:00:00",NULL,NULL,NULL,NULL,0,NULL,NULL,NULL,NULL
63,1,1,"BBVA RMBS 11, FONDO DE TITULIZACION DE ACTIVOS",V86488368,"1980-01-01 00:00:00",NULL,NULL,NULL,NULL,0,NULL,NULL,NULL,NULL
64,1,1,"BBVA RMBS 12, FONDO DE TITULIZACION DE ACTIVOS",V86887791,"1980-01-01 00:00:00",NULL,NULL,NULL,NULL,0,NULL,NULL,NULL,NULL
65,1,1,"BBVA RMBS 13, FONDO DE TITULIZACION DE ACTIVOS",V87061917,"1980-01-01 00:00:00",NULL,NULL,NULL,NULL,0,NULL,NULL,NULL,NULL
66,1,1,"BBVA RMBS 14, FONDO DE TITULIZACIÃN DE ACTIVOS",V87152336,"2014-11-24 00:00:00",99999999.99,NULL,223,308,0,NULL,NULL,NULL,1
67,1,1,"BBVA RMBS 15, FONDO DE TITULIZACION DE ACTIVOS",V87286803,"1980-01-01 00:00:00",NULL,NULL,NULL,NULL,0,NULL,NULL,NULL,NULL
68,1,1,"BZ HIPOTECARIO 1 FONDO DE TITULIZACION HIPOTECARIA",V82311796,"1980-01-01 00:00:00",NULL,NULL,NULL,NULL,0,NULL,NULL,NULL,NULL
69,1,1,"BZ HIPOTECARIO 3 FONDO DE TITULIZACION HIPOTECARIA",V83062406,"1980-01-01 00:00:00",NULL,NULL,NULL,NULL,0,NULL,NULL,NULL,NULL
70,1,1,"BZ HIPOTECARIO 4 FONDO DE TITULIZACION HIPOTECARIA",V83483552,"1980-01-01 00:00:00",NULL,NULL,NULL,NULL,0,NULL,NULL,NULL,NULL
71,1,1,"CONSUMO BANCAJA 1, FONDO DE TITULIZACION DE ACTIVOS",V84752856,"1980-01-01 00:00:00",NULL,NULL,NULL,NULL,0,NULL,NULL,NULL,NULL
72,1,1,"EDT FTPYME PASTOR 3, FONDO DE TITULIZACION DE ACTIVOS",V84529460,"1980-01-01 00:00:00",NULL,NULL,NULL,NULL,0,NULL,NULL,NULL,NULL
73,1,1,"FINANCIACION BANCAJA 1, FONDO DE TITULIZACION DE ACTIVOS",V85597367,"1980-01-01 00:00:00",NULL,NULL,NULL,NULL,0,NULL,NULL,NULL,NULL
74,1,1,"FONDO DE TITULIZACION DE ACTIVOS BBVA-1",V82576786,"1980-01-01 00:00:00",NULL,NULL,NULL,NULL,0,NULL,NULL,NULL,NULL
75,1,1,"FONDO DE TITULIZACION DE ACTIVOS BBVA-2 FTPYME ICO",V82835810,"1980-01-01 00:00:00",NULL,NULL,NULL,NULL,0,NULL,NULL,NULL,NULL
76,1,1,"FTPYME BANCAJA 1 FONDO DE TITULIZACION DE ACTIVOS",V83250811,"2002-03-12 00:00:00",99999999.99,NULL,NULL,NULL,0,NULL,NULL,NULL,NULL
77,1,1,"FTPYME BANCAJA 2 FONDO DE TITULIZACION DE ACTIVOS",V83751495,"1980-01-01 00:00:00",NULL,NULL,NULL,NULL,0,NULL,NULL,NULL,NULL
78,1,1,"FTPYME BANCAJA 3 FONDO DE TITULIZACION DE ACTIVOS",V84126606,"1980-01-01 00:00:00",NULL,NULL,NULL,NULL,0,NULL,NULL,NULL,NULL
79,1,1,"FTPYME BANCAJA 4 FONDO DE TITULIZACION DE ACTIVOS",V84497775,"1980-01-01 00:00:00",NULL,NULL,NULL,NULL,0,NULL,NULL,NULL,NULL
80,1,1,"FTPYME BANCAJA 6 FONDO DE TITULIZACION DE ACTIVOS",V85220887,"1980-01-01 00:00:00",NULL,NULL,NULL,NULL,0,NULL,NULL,NULL,NULL
81,1,1,"HIPOTECARIO 1 FONDO DE TITULIZACION HIPOTECARIA",V80696289,"1980-01-01 00:00:00",NULL,NULL,NULL,NULL,0,NULL,NULL,NULL,NULL
82,1,1,"HIPOTECARIO 2 FONDO DE TITULIZACION HIPOTECARIA",V82191453,"1980-01-01 00:00:00",NULL,NULL,NULL,NULL,0,NULL,NULL,NULL,NULL
83,1,1,"MBS BANCAJA 1 FONDO DE TITULIZACION DE ACTIVOS",V83998518,"1980-01-01 00:00:00",NULL,NULL,NULL,NULL,0,NULL,NULL,NULL,NULL
84,1,1,"MBS BANCAJA 2, FONDO DE TITULIZACION DE ACTIVOS",V84388131,"1980-01-01 00:00:00",NULL,NULL,NULL,NULL,0,NULL,NULL,NULL,NULL
85,1,1,"MBS BANCAJA 3, FONDO DE TITULIZACION DE ACTIVOS",V84669332,"1980-01-01 00:00:00",NULL,NULL,NULL,NULL,0,NULL,NULL,NULL,NULL
86,1,1,"MBS BANCAJA 4, FONDO DE TITULIZACION DE ACTIVOS",V85082675,"1980-01-01 00:00:00",NULL,NULL,NULL,NULL,0,NULL,NULL,NULL,NULL
87,1,1,"MBS BANCAJA 5 FONDO DE TITULIZACION DE ACTIVOS",V85433803,"1980-01-01 00:00:00",NULL,NULL,NULL,NULL,0,NULL,NULL,NULL,NULL
88,1,1,"MBS BANCAJA 6, FONDO DE TITULIZACION DE ACTIVOS",V85623668,"1980-01-01 00:00:00",NULL,NULL,NULL,NULL,0,NULL,NULL,NULL,NULL
89,1,1,"MBS BANCAJA 7, FONDO DE TITULIZACION DE ACTIVOS",V86009974,"1980-01-01 00:00:00",NULL,NULL,NULL,NULL,0,NULL,NULL,NULL,NULL
90,1,1,"MBS BANCAJA 8, FONDO DE TITULIZACIÃN DE ACTIVOS",V86106663,"1980-01-01 00:00:00",NULL,NULL,NULL,NULL,0,NULL,NULL,NULL,NULL
91,1,1,"PYME BANCAJA 5, FONDO DE TITULIZACION DE ACTIVOS",V84838283,"1980-01-01 00:00:00",NULL,NULL,NULL,NULL,0,NULL,NULL,NULL,NULL
92,1,1,"PYME BANCAJA 7, FONDO DE TITULIZACION DE ACTIVOS",V85543189,"1980-01-01 00:00:00",NULL,NULL,NULL,NULL,0,NULL,NULL,NULL,NULL
93,1,1,"PYME BANCAJA 8, FONDO DE TITULIZACION DE ACTIVOS",V85755502,"1980-01-01 00:00:00",NULL,NULL,NULL,NULL,0,NULL,NULL,NULL,NULL
94,1,1,"PYME VALENCIA 1, FONDO DE TITULIZACION DE ACTIVOS",V85170629,"1980-01-01 00:00:00",NULL,NULL,NULL,NULL,0,NULL,NULL,NULL,NULL
95,1,1,"PYME VALENCIA 2, FONDO DE TITULIZACION DE ACTIVOS",V85657690,"1980-01-01 00:00:00",NULL,NULL,NULL,NULL,0,NULL,NULL,NULL,NULL
96,1,1,"RURALPYME 2 FTPYME FONDO DE TITULIZACION DE ACTIVOS",V84899756,"1980-01-01 00:00:00",NULL,NULL,NULL,NULL,0,NULL,NULL,NULL,NULL
97,1,1,"RURALPYME 3, FONDO DE TITULIZACION DE ACTIVOS",V85302917,"1980-01-01 00:00:00",NULL,NULL,NULL,NULL,0,NULL,NULL,NULL,NULL
98,1,1,"RURAL HIPOTECARIO 1 FONDO DE TITULIZACION HIPOTECARIA",V82579764,"1980-01-01 00:00:00",NULL,NULL,NULL,NULL,0,NULL,NULL,NULL,NULL
99,1,1,"RURAL HIPOTECARIO GLOBAL I, FTA",V84511179,"1980-01-01 00:00:00",NULL,NULL,NULL,NULL,0,NULL,NULL,NULL,NULL
100,1,1,"RURAL HIPOTECARIO II FONDO DE TITULIZACION HIPOTECARIA",V83012922,"1980-01-01 00:00:00",NULL,NULL,NULL,NULL,0,NULL,NULL,NULL,NULL
101,1,1,"RURAL HIPOTECARIO III FONDO DE TITULIZACION HIPOTECARIA",V83317768,"1980-01-01 00:00:00",NULL,NULL,NULL,NULL,0,NULL,NULL,NULL,NULL
102,1,1,"RURAL HIPOTECARIO IV FONDO DE TITULIZACION HIPOTECARIA",V83470823,"1980-01-01 00:00:00",NULL,NULL,NULL,NULL,0,NULL,NULL,NULL,NULL
103,1,1,"RURAL HIPOTECARIO V FONDO DE TITULIZACION DE ACTIVOS",V83788398,"1980-01-01 00:00:00",NULL,NULL,NULL,NULL,0,NULL,NULL,NULL,NULL
104,1,1,"RURAL HIPOTECARIO VI, FONDO DE TITULIZACION DE ACTIVOS",V84051077,"1980-01-01 00:00:00",NULL,NULL,NULL,NULL,0,NULL,NULL,NULL,NULL
105,1,1,"RURAL HIPOTECARIO VII, FONDO DE TITULIZACION DE ACTIVOS",V84329598,"1980-01-01 00:00:00",NULL,NULL,NULL,NULL,0,NULL,NULL,NULL,NULL
106,1,1,"RURAL HIPOTECARIO VIII, FONDO DE TITULIZACION DE ACTIVOS",V84722446,"1980-01-01 00:00:00",NULL,NULL,NULL,NULL,0,NULL,NULL,NULL,NULL
107,1,1,"RURAL HIPOTECARIO IX, FONDO DE TITULIZACION DE ACTIVOS",V85049039,"1980-01-01 00:00:00",NULL,NULL,NULL,NULL,0,NULL,NULL,NULL,NULL
108,1,1,"RURAL HIPOTECARIO X, FONDO DE TITULIZACION DE ACTIVOS",V85474252,"1980-01-01 00:00:00",NULL,NULL,NULL,NULL,0,NULL,NULL,NULL,NULL
109,1,1,"RURAL HIPOTECARIO XI, FONDO DE TITULIZACION DE ACTIVOS",V85643575,"1980-01-01 00:00:00",NULL,NULL,NULL,NULL,0,NULL,NULL,NULL,NULL
110,1,1,"RURAL HIPOTECARIO XII, FONDO DE TITULIZACION DE ACTIVOS",V85812600,"1980-01-01 00:00:00",NULL,NULL,NULL,NULL,0,NULL,NULL,NULL,NULL
111,1,1,"RURAL HIPOTECARIO XIV, FONDO DE TITULIZACION DE ACTIVOS",V86781705,"1980-01-01 00:00:00",NULL,NULL,NULL,NULL,0,NULL,NULL,NULL,NULL
112,1,1,"RURAL HIPOTECARIO XV, FONDO DE TITULIZACION DE ACTIVOS",V86786191,"1980-01-01 00:00:00",NULL,NULL,NULL,NULL,0,NULL,NULL,NULL,NULL
113,1,1,"RURAL HIPOTECARIO XVI, FONDO DE TITULIZACION DE ACTIVOS",V86790680,"1980-01-01 00:00:00",NULL,NULL,NULL,NULL,0,NULL,NULL,NULL,NULL
114,1,1,"RURAL HIPOTECARIO XVII, FONDO DE TITULIZACION DE ACTIVOS",V87054417,"1980-01-01 00:00:00",NULL,NULL,NULL,NULL,0,NULL,NULL,NULL,NULL
115,1,1,"VALENCIA HIPOTECARIO 1, FONDO DE TITULIZACION DE ACTIVOS",V83975060,"1980-01-01 00:00:00",NULL,NULL,NULL,NULL,0,NULL,NULL,NULL,NULL
116,1,1,"VALENCIA HIPOTECARIO 2, FONDO DE TITULIZACION HIPOTECARIA",V84530526,"1980-01-01 00:00:00",NULL,NULL,NULL,NULL,0,NULL,NULL,NULL,NULL
117,1,1,"VALENCIA HIPOTECARIO 3, FONDO DE TITULIZACION DE ACTIVOS",V84887579,"1980-01-01 00:00:00",NULL,NULL,NULL,NULL,0,NULL,NULL,NULL,NULL
118,1,1,"VALENCIA HIPOTECARIO 4, FONDO DE TITULIZACION DE ACTIVOS",V85305464,"1980-01-01 00:00:00",NULL,NULL,NULL,NULL,0,NULL,NULL,NULL,NULL
119,1,1,"VALENCIA HIPOTECARIO 5, FONDO DE TITULIZACION DE ACTIVOS",V85593978,"1980-01-01 00:00:00",NULL,NULL,NULL,NULL,0,NULL,NULL,NULL,NULL
120,1,1,"VAL BANCAJA 1, F.T.A.",V85709301,"1980-01-01 00:00:00",NULL,NULL,NULL,NULL,0,NULL,NULL,NULL,NULL
121,2,1,"FONCAIXA ANDALUCIA FTEMPRESA 1, FONDO DE TITULIZACION DE ACTIVOS",V65285157,"2010-02-25 00:00:00",99999999.99,NULL,370,565,0,NULL,NULL,NULL,1
122,2,1,"FONCAIXA AUTONOMOS 1, FONDO DE TITULIZACION DE ACTIVOS",V65615536,"2011-07-21 00:00:00",99999999.99,NULL,294,1243,0,NULL,NULL,NULL,1
123,2,1,"FONCAIXA CONSUMO 1, FONDO DE TITULIZACION DE ACTIVOS",V65684987,"2011-11-24 00:00:00",99999999.99,NULL,NULL,NULL,0,NULL,NULL,NULL,NULL
124,2,1,"FONCAIXA EMPRESAS 1, FONDO DE TITULIZACION DE ACTIVOS",V65071110,"2009-03-17 00:00:00",99999999.99,NULL,NULL,NULL,0,NULL,NULL,NULL,NULL
125,2,1,"FONCAIXA EMPRESAS 2, FONDO DE TITULIZACION DE ACTIVOS",V65452336,"2010-11-23 00:00:00",99999999.99,NULL,NULL,NULL,0,NULL,NULL,NULL,NULL
126,2,1,"FONCAIXA EMPRESAS 3, FONDO DE TITULIZACION DE ACTIVOS",V65537714,"2011-03-24 00:00:00",99999999.99,NULL,NULL,NULL,0,NULL,NULL,NULL,NULL
127,2,1,"FONCAIXA FTGENCAT 3, FTA",V64010275,"1980-01-01 00:00:00",NULL,NULL,NULL,NULL,0,NULL,NULL,NULL,NULL
128,2,1,"FONCAIXA FTGENCAT 4, FONDO DE TITULIZACION DE ACTIVOS",V64270861,"1980-01-01 00:00:00",NULL,NULL,NULL,NULL,0,NULL,NULL,NULL,NULL
129,2,1,"FONCAIXA FTGENCAT 5, FONDO DE TITULIZACION DE ACTIVOS",V64723661,"1980-01-01 00:00:00",NULL,NULL,NULL,NULL,0,NULL,NULL,NULL,NULL
130,2,1,"FONCAIXA FTGENCAT 6, FONDO DE TITULIZACION DE ACTIVOS",V64912702,"1980-01-01 00:00:00",NULL,NULL,NULL,NULL,0,NULL,NULL,NULL,NULL
131,2,1,"FONCAIXA FTGENCAT 7, FONDO DE TITULIZACION DE ACTIVOS",V65179939,"1980-01-01 00:00:00",NULL,NULL,NULL,NULL,0,NULL,NULL,NULL,NULL
132,2,1,"FONCAIXA FTPYME 2, FONDO DE TITULIZACION DE ACTIVOS",V64985021,"1980-01-01 00:00:00",NULL,NULL,NULL,NULL,0,NULL,NULL,NULL,NULL
133,2,1,"FONCAIXA HIPOTECARIO 1, FONDO DE TITULIZACION HIPOTECARIA",E-62015946,"1980-01-01 00:00:00",NULL,NULL,NULL,NULL,0,NULL,NULL,NULL,NULL
134,2,1,"FONCAIXA HIPOTECARIO 2, FONDO DE TITULIZACION HIPOTECARIA",V62507926,"1980-01-01 00:00:00",NULL,NULL,NULL,NULL,0,NULL,NULL,NULL,NULL
135,2,1,"FONCAIXA HIPOTECARIO 3, FONDO DE TITULIZACION HIPOTECARIA",V62624523,"1980-01-01 00:00:00",NULL,NULL,NULL,NULL,0,NULL,NULL,NULL,NULL
136,2,1,"FONCAIXA HIPOTECARIO 4, FONDO DE TITULIZACION HIPOTECARIA",V62736186,"1980-01-01 00:00:00",NULL,NULL,NULL,NULL,0,NULL,NULL,NULL,NULL
137,2,1,"FONCAIXA HIPOTECARIO 5, FONDO DE TITULIZACION HIPOTECARIA",V62986575,"1980-01-01 00:00:00",NULL,NULL,NULL,NULL,0,NULL,NULL,NULL,NULL
138,2,1,"FONCAIXA HIPOTECARIO 6, FONDO DE TITULIZACION HIPOTECARIO",V63043632,"1980-01-01 00:00:00",NULL,NULL,NULL,NULL,0,NULL,NULL,NULL,NULL
139,2,1,"FONCAIXA HIPOTECARIO 7, FONDO DE TITULIZACION HIPOTECARIA",V63287189,"1980-01-01 00:00:00",NULL,NULL,NULL,NULL,0,NULL,NULL,NULL,NULL
140,2,1,"FONCAIXA HIPOTECARIO 8, FONDO DE TITULIZACION HIPOTECARIA",V-63791362,"1980-01-01 00:00:00",NULL,NULL,NULL,NULL,0,NULL,NULL,NULL,NULL
141,2,1,"FONCAIXA HIPOTECARIO 9, FONDO DE TITULIZACION DE ACTIVOS",V64159718,"1980-01-01 00:00:00",NULL,NULL,NULL,NULL,0,NULL,NULL,NULL,NULL
142,2,1,"FONCAIXA HIPOTECARIO 10, FONDO DE TITULIZACION DE ACTIVOS",V64575715,"1980-01-01 00:00:00",NULL,NULL,NULL,NULL,0,NULL,NULL,NULL,NULL
143,2,1,"FONCAIXA HIPOTECARIO 11, FONDO DE TITULIZACION DE ACTIVOS",V65385536,"1980-01-01 00:00:00",NULL,NULL,NULL,NULL,0,NULL,NULL,NULL,NULL
144,2,1,"FONCAIXA ICO-FTVPO 1, FONDO DE TITULIZACION DE ACTIVOS",V65041303,"1980-01-01 00:00:00",NULL,NULL,NULL,NULL,0,NULL,NULL,NULL,NULL
145,2,1,"FONCAIXA LEASINGS 2, FONDO DE TITULIZACION DE ACTIVOS",V66002148,"1980-01-01 00:00:00",NULL,NULL,NULL,NULL,0,NULL,NULL,NULL,NULL
146,2,1,"FONCAIXA PYMES 3, FONDO DE TITULIZACION DE ACTIVOS",V65914228,"1980-01-01 00:00:00",NULL,NULL,NULL,NULL,0,NULL,NULL,NULL,NULL
147,2,1,"FONCAIXA PYMES 4, FONDO DE TITULIZACION DE ACTIVOS",V66166349,"1980-01-01 00:00:00",NULL,NULL,NULL,NULL,0,NULL,NULL,NULL,NULL
148,2,1,"FONCAIXA PYMES 5, FONDO DE TITULIZACION DE ACTIVOS",V66417213,"1980-01-01 00:00:00",NULL,NULL,NULL,NULL,0,NULL,NULL,NULL,NULL
149,2,1,"GC FTGENCAT CAIXA SABADELL 1, FONDO DE TITULIZACION DE ACTIVOS",V64342777,"1980-01-01 00:00:00",NULL,NULL,NULL,NULL,0,NULL,NULL,NULL,NULL
150,2,1,"GC FTGENCAT CAIXA SABADELL 2, FONDO DE TITULIZACION DE ACTIVOS",V65008799,"1980-01-01 00:00:00",NULL,NULL,NULL,NULL,0,NULL,NULL,NULL,NULL
151,2,1,"GC FTGENCAT CAIXA TARRAGONA 1, FONDO DE TITULIZACION DE ACTIVOS",V64904147,"1980-01-01 00:00:00",NULL,NULL,NULL,NULL,0,NULL,NULL,NULL,NULL
152,2,1,"GC FTPYME PASTOR 2, FONDO DE TITULIZACION DE ACTIVOS",V63647358,"1980-01-01 00:00:00",NULL,NULL,NULL,NULL,0,NULL,NULL,NULL,NULL
153,2,1,"GC FTPYME PASTOR 4, FTA",V64366412,"1980-01-01 00:00:00",NULL,NULL,NULL,NULL,0,NULL,NULL,NULL,NULL
154,2,1,"GC FTPYME SABADELL 6, FONDO DE TITULIZACION DE ACTIVOS",V64995780,"1980-01-01 00:00:00",NULL,NULL,NULL,NULL,0,NULL,NULL,NULL,NULL
155,2,1,"GC FTPYME SABADELL 4, FONDO DE TITULIZACION DE ACTIVOS",V63985857,"1980-01-01 00:00:00",NULL,NULL,NULL,NULL,0,NULL,NULL,NULL,NULL
156,2,1,"GC PASTOR HIPOTECARIO 5, FONDO DE TITULIZACION DE ACTIVOS",V64606262,"1980-01-01 00:00:00",NULL,NULL,NULL,NULL,0,NULL,NULL,NULL,NULL
157,2,1,"GC FTPYME PASTOR 6, FONDO DE TITULIZACION DE ACTIVOS",V64607849,"1980-01-01 00:00:00",NULL,NULL,NULL,NULL,0,NULL,NULL,NULL,NULL
158,2,1,"GC FTPYME SABADELL 8, FONDO DE TITULIZACION DE ACTIVOS",V65408775,"1980-01-01 00:00:00",NULL,NULL,NULL,NULL,0,NULL,NULL,NULL,NULL
160,2,1,"GC SABADELL 1, FONDO DE TITULIZACION HIPOTECARIA",V63568646,"1980-01-01 00:00:00",NULL,NULL,NULL,NULL,0,NULL,NULL,NULL,NULL
161,3,1,"FINANCAT 1, FONDO DE TITULIZACION DE ACTIVOS",V64812514,"2008-03-19 00:00:00",99999999.99,NULL,NULL,NULL,0,NULL,NULL,NULL,NULL
162,3,1,"FONDO DE TITULIZACION HIPOTECARIA, HIPOCAT 1",E-61695938,"1980-01-01 00:00:00",NULL,NULL,NULL,NULL,0,NULL,NULL,NULL,NULL
163,3,1,"FONDO DE TITULIZACION HIPOTECARIA, HIPOCAT 2",E-61785655,"1980-01-01 00:00:00",NULL,NULL,NULL,NULL,0,NULL,NULL,NULL,NULL
164,3,1,"FONDO DE TITULIZACION HIPOTECARIA, HIPOCAT 3",E-62017314,"1980-01-01 00:00:00",NULL,NULL,NULL,NULL,0,NULL,NULL,NULL,NULL
165,3,1,"GAT FTGENCAT 2005, FONDO DE TITULIZACION DE ACTIVOS",V64016975,"2005-12-12 00:00:00",99999999.99,NULL,NULL,NULL,0,NULL,NULL,NULL,NULL
166,3,1,"GAT FTGENCAT 2006, FONDO DE TITULIZACION DE ACTIVOS",V64302862,"2006-09-29 00:00:00",NULL,NULL,NULL,NULL,0,NULL,NULL,NULL,NULL
167,3,1,"GAT FTGENCAT 2007, FONDO DE TITULIZACION DE ACTIVOS",V64705924,"2007-11-30 00:00:00",99999999.99,NULL,254,386,0,NULL,NULL,NULL,NULL
168,3,1,"GAT FTGENCAT 2008, FONDO DE TITULIZACION DE ACTIVOS",V64915424,"2008-08-05 00:00:00",99999999.99,NULL,362,540,0,NULL,NULL,NULL,1
169,3,1,"GAT FTGENCAT 2009, FONDO DE TITULIZACION DE ACTIVOS",V65203275,"2009-12-10 00:00:00",99999999.99,NULL,NULL,NULL,0,NULL,NULL,NULL,NULL
170,3,1,"GAT ICO-FTVPO 1, FONDO DE TITULIZACION HIPOTECARIA",V65102576,"1980-01-01 00:00:00",NULL,NULL,NULL,NULL,0,NULL,NULL,NULL,NULL
171,3,1,"HIPOCAT 4, FONDO DE TITULIZACION DE ACTIVOS",V62634811,"1980-01-01 00:00:00",99999999.99,NULL,165,260,0,NULL,NULL,NULL,NULL
172,3,1,"HIPOCAT 5, FONDO DE TITULIZACION DE ACTIVOS",V62925136,"2002-10-29 00:00:00",69600000.00,NULL,189,204,0,NULL,NULL,NULL,NULL
173,3,1,"HIPOCAT 6, FONDO DE TITULIZACION DE ACTIVOS",V63275259,"2003-09-17 00:00:00",99999999.99,NULL,207,423,0,NULL,NULL,NULL,NULL
174,3,1,"HIPOCAT 7, FONDO DE TITULIZACION DE ACTIVOS",V63511554,"2004-06-07 00:00:00",99999999.99,NULL,235,532,0,NULL,NULL,NULL,NULL
175,3,1,"HIPOCAT 8, FONDO DE TITULIZACION DE ACTIVOS",V63803969,"2005-05-05 00:00:00",99999999.99,NULL,235,544,0,NULL,NULL,NULL,NULL
176,3,1,"HIPOCAT 9, FONDO DE TITULIZACION DE ACTIVOS",V64006075,"2005-11-24 00:00:00",99999999.99,NULL,247,397,0,NULL,NULL,NULL,NULL
177,3,1,"HIPOCAT 10, F.T.A.",V64241474,"2006-07-04 00:00:00",99999999.99,NULL,269,479,0,NULL,NULL,NULL,NULL
178,3,1,"HIPOCAT 11, FONDO DE TITULIZACION DE ACTIVOS",V64478373,"2007-03-06 00:00:00",99999999.99,NULL,257,446,0,NULL,NULL,NULL,NULL
179,3,1,"HIPOCAT 14, FONDO DE TITULIZACION DE ACTIVOS",V64812555,"2008-03-20 00:00:00",99999999.99,NULL,NULL,NULL,0,NULL,NULL,NULL,NULL
180,3,1,"HIPOCAT 15, FONDO DE TITULIZACION DE ACTIVOS",V64856529,"1980-01-01 00:00:00",NULL,NULL,NULL,NULL,0,NULL,NULL,NULL,NULL
181,3,1,"HIPOCAT 16, FONDO DE TITULIZACION DE ACTIVOS",V64884000,"1980-01-01 00:00:00",NULL,NULL,NULL,NULL,0,NULL,NULL,NULL,NULL
182,3,1,"HIPOCAT 17, FONDO DE TITULIZACION DE ACTIVOS",V64998925,"1980-01-01 00:00:00",NULL,NULL,NULL,NULL,0,NULL,NULL,NULL,NULL
183,3,1,"HIPOCAT 18, FONDO DE TITULIZACION DE ACTIVOS",V65044141,"1980-01-01 00:00:00",NULL,NULL,NULL,NULL,0,NULL,NULL,NULL,NULL
184,3,1,"HIPOCAT 19, FONDO DE TITULIZACION DE ACTIVOS",V65161754,"1980-01-01 00:00:00",NULL,NULL,NULL,NULL,0,NULL,NULL,NULL,NULL
185,3,1,"HIPOCAT 20, FONDO DE TITULIZACION DE ACTIVOS",V65332686,"1980-01-01 00:00:00",NULL,NULL,NULL,NULL,0,NULL,NULL,NULL,NULL
186,3,1,"MBSCAT 1, FONDO DE TITULIZACION DE ACTIVOS",V64980824,"2008-11-26 00:00:00",99999999.99,NULL,NULL,NULL,0,NULL,NULL,NULL,1
187,3,1,"MBSCAT 2, FONDO DE TITULIZACION DE ACTIVOS",V65146995,"2009-07-24 00:00:00",99999999.99,NULL,NULL,NULL,0,NULL,NULL,NULL,1
188,3,1,"PYMECAT 2 FTPYME, FONDO DE TITULIZACION DE ACTIVOS",V64953573,"1980-01-01 00:00:00",NULL,NULL,NULL,NULL,0,NULL,NULL,NULL,NULL
189,3,1,"PYMECAT 3 FTPYME, FONDO DE TITULIZACION DE ACTIVOS",V65435752,"1980-01-01 00:00:00",NULL,NULL,NULL,NULL,0,NULL,NULL,NULL,NULL
190,4,1,"AYT.1, FONDO DE TITULIZACION HIPOTECARIA",V82379553,"1999-06-30 00:00:00",99999999.99,NULL,NULL,NULL,0,NULL,NULL,NULL,NULL
191,4,1,"AYT.8, BARCLAYS HIPOTECARIO I, FONDO DE TITULIZACION HIPOTECARIA",V83330308,"2002-05-29 00:00:00",99999999.99,NULL,NULL,NULL,0,NULL,NULL,NULL,NULL
192,4,1,"AYT ANDALUCIA FTEMPRESA CAJA SOL, FONDO DE TITULIZACION DE ACTIVOS",V85899177,"2010-03-31 00:00:00",99999999.99,NULL,326,388,0,NULL,NULL,NULL,NULL
193,4,1,"AYT CAIXANOVA HIPOTECARIO I, FONDO DE TITULIZACION DE ACTIVOS",V85293041,"2007-12-07 00:00:00",99999999.99,NULL,448,517,0,NULL,NULL,NULL,NULL
194,4,1,"AYT CAIXA GALICIA EMPRESAS I, FONDO DE TITULIZACION ACTIVOS",V85277671,"2007-11-26 00:00:00",99999999.99,NULL,3,165,0,NULL,NULL,NULL,NULL
195,4,1,"AYT CAIXA SABADELL HIPOTECARIO I, FONDO DE TITULIZACION DE ACTIVOS",V85490035,"2008-07-24 00:00:00",99999999.99,NULL,3,16,0,NULL,NULL,NULL,NULL
196,4,1,"AYT CAJAGRANADA HIPOTECARIO I, FONDO DE TITULIZACION DE ACTIVOS",V85144707,"2007-06-21 00:00:00",99999999.99,NULL,320,353,0,NULL,NULL,NULL,NULL
197,4,1,"AYT CAJAMURCIA HIPOTECARIO II, FONDO DE TITULIZACION DE ACTIVOS",V84875947,"2006-12-31 00:00:00",99999999.99,NULL,380,465,0,NULL,NULL,NULL,NULL
198,4,1,"AYT CAJA MURCIA FINANCIACION I, FONDO DE TITULIZACION DE ACTIVOS",V85591154,"2008-12-22 00:00:00",99999999.99,NULL,3,342,0,NULL,NULL,NULL,NULL
199,4,1,"AYT CAJA MURCIA HIPOTECARIO I, FONDO DE TITULIZACION DE ACTIVOS",V84541200,"2005-12-15 00:00:00",99999999.99,NULL,3,135,0,NULL,NULL,NULL,NULL
200,4,1,"AYT CEAMI EMTN I, FONDO DE TITULIZACION DE ACTIVOS",V85512366,"2008-10-28 00:00:00",99999999.99,NULL,NULL,NULL,0,NULL,NULL,NULL,NULL
201,4,1,"AYT CEDULAS CAJAS II, FONDO DE TITULIZACION DE ACTIVOS",V83153627,"2001-11-13 00:00:00",99999999.99,NULL,NULL,NULL,0,NULL,NULL,NULL,NULL
202,4,1,"AYT CEDULAS CAJAS IX, FONDO DE TITULIZACION DE ACTIVOS",V84290469,"1980-01-01 00:00:00",99999999.99,NULL,NULL,NULL,0,NULL,NULL,NULL,NULL
203,4,1,"AYT CEDULAS CAJAS VIII, FONDO DE TITULIZACION DE ACTIVOS",V84155688,"1980-01-01 00:00:00",NULL,NULL,NULL,NULL,0,NULL,NULL,NULL,NULL
204,4,1,"AYT CEDULAS CAJAS VII, FONDO DE TITULIZACION DE ACTIVOS",V84029008,"2004-06-16 00:00:00",99999999.99,NULL,NULL,NULL,0,NULL,NULL,NULL,NULL
205,4,1,"AYT CEDULAS CAJAS XI, FONDO DE TITULIZACION DE ACTIVOS",V85277705,"2007-11-26 00:00:00",99999999.99,NULL,NULL,NULL,0,NULL,NULL,NULL,NULL
206,4,1,"AYT CEDULAS CAJAS X, FONDO DE TITULIZACION DE ACTIVOS",V84388370,"1980-01-01 00:00:00",NULL,NULL,NULL,NULL,0,NULL,NULL,NULL,NULL
207,4,1,"AYT CEDULAS TERRITORIALES CAJAS III, FONDO DE TITULIZACION DE ACTIVOS",V85490019,"2008-07-18 00:00:00",99999999.99,NULL,NULL,NULL,0,NULL,NULL,NULL,NULL
208,4,1,"AYT CEDULAS TERRITORIALES CAJAS II, FONDO DE TITULIZACION DE ACTIVOS",V84287408,"2005-03-17 00:00:00",99999999.99,NULL,NULL,NULL,0,NULL,NULL,NULL,NULL
209,4,1,"AYT CEDULAS TERRITORIALES CAJAS IV, FONDO DE TITULIZACION DE ACTIVOS",V85671485,"2009-04-03 00:00:00",99999999.99,NULL,NULL,NULL,0,NULL,NULL,NULL,NULL
210,4,1,"AYT CEDULAS TERRITORIALES CAJAS I, FONDO DE TITULIZACION DE ACTIVOS",V83781237,"2003-10-15 00:00:00",99999999.99,NULL,NULL,NULL,0,NULL,NULL,NULL,NULL
211,4,1,"AYT COLATERALES GLOBAL EMPRESAS, FONDO DE TITULIZACION DE ACTIVOS",V85306850,"1980-01-01 00:00:00",NULL,NULL,NULL,NULL,0,NULL,NULL,NULL,NULL
212,4,1,"AYT COLATERALES GLOBAL HIPOTECARIO, F.T.A.",V85076677,"1980-01-01 00:00:00",NULL,NULL,NULL,NULL,0,NULL,NULL,NULL,NULL
213,4,1,"AYT GENOVA HIPOTECARIO II, FONDO DE TITULIZACION HIPOTECARIA",V83669531,"2003-06-04 00:00:00",99999999.99,NULL,NULL,NULL,0,NULL,NULL,NULL,NULL
214,4,1,"AYT GOYA HIPOTECARIO III, FONDO DE TITULIZACION DE ACTIVOS",V86097979,"2010-12-17 00:00:00",99999999.99,NULL,NULL,NULL,0,NULL,NULL,NULL,NULL
215,4,1,"AYT GOYA HIPOTECARIO IV, FONDO DE TITULIZACION DE ACTIVOS",V86171451,"2011-04-15 00:00:00",99999999.99,NULL,NULL,NULL,0,NULL,NULL,NULL,NULL
216,4,1,"AYT GOYA HIPOTECARIO V, FONDO DE TITULIZACION DE ACTIVOS",V86304706,"2011-12-23 00:00:00",99999999.99,NULL,NULL,NULL,0,NULL,NULL,NULL,NULL
217,4,1,"AYT HIPOTECARIO BBK II, FONDO DE TITULIZACION DE ACTIVOS",V84734235,"2006-06-06 00:00:00",99999999.99,NULL,NULL,NULL,0,NULL,NULL,NULL,NULL
218,4,1,"AYT HIPOTECARIO BBK I, FONDO DE TITULIZACION DE ACTIVOS",V84367499,"2005-06-08 00:00:00",99999999.99,NULL,NULL,NULL,0,NULL,NULL,NULL,NULL
219,4,1,"AYT HIPOTECARIO III, FONDO DE TITULIZACION HIPOTECARIA",V83697052,"1980-01-01 00:00:00",NULL,NULL,NULL,NULL,0,NULL,NULL,NULL,NULL
220,4,1,"AYT HIPOTECARIO MIXTO III, FONDO DE TITULIZACION DE ACTIVOS",V84325927,"1980-01-01 00:00:00",NULL,NULL,NULL,NULL,0,NULL,NULL,NULL,NULL
221,4,1,"AYT HIPOTECARIO MIXTO IV, FONDO DE TITULIZACION DE ACTIVOS",V84382803,"1980-01-01 00:00:00",NULL,NULL,NULL,NULL,0,NULL,NULL,NULL,NULL
222,4,1,"AYT HIPOTECARIO MIXTO V, FONDO DE TITULIZACION DE ACTIVOS",V84776335,"1980-01-01 00:00:00",NULL,NULL,NULL,NULL,0,NULL,NULL,NULL,NULL
223,4,1,"AYT ICO-FTVPO CAJA VITAL KUTXA, FTA",V85600781,"2009-02-10 00:00:00",99999999.99,NULL,NULL,NULL,0,NULL,NULL,NULL,NULL
224,4,1,"AYT ICO FTVPO CAIXA GALICIA I, FONDO DE TITULIZACION DE ACTIVOS",V85704286,"1980-01-01 00:00:00",NULL,NULL,NULL,NULL,0,NULL,NULL,NULL,NULL
225,4,1,"AYT ICO FTVPO CAJA SOL, FONDO DE TITULIZACION DE ACTIVOS",V85717627,"2009-07-02 00:00:00",99999999.99,NULL,NULL,NULL,0,NULL,NULL,NULL,NULL
226,4,1,"AYT KUTXA HIPOTECARIO III, FONDO DE TITULIZACION DE ACTIVOS",V85420842,"2008-04-29 00:00:00",99999999.99,NULL,245,279,0,NULL,NULL,NULL,NULL
227,4,1,"AYT KUTXA HIPOTECARIO II, FONDO DE TITULIZACION DE ACTIVOS",V84981299,"2007-02-06 00:00:00",99999999.99,NULL,307,506,0,NULL,NULL,NULL,NULL
228,4,1,"AYT KUTXA HIPOTECARIO IV, FONDO DE TITULIZACION DE ACTIVOS",V85691533,"2009-05-19 00:00:00",99999999.99,NULL,272,391,0,NULL,NULL,NULL,NULL
229,4,1,"AYT KUTXA HIPOTECARIO I, FONDO DE TITULIZACION DE ACTIVOS",V84720556,"2006-05-23 00:00:00",99999999.99,NULL,3,132,0,NULL,NULL,NULL,NULL
230,4,1,"AYT NOVACAIXAGALICIA HIPOTECARIO I, FONDO DE TITULIZACION DE ACTIVOS",V86293339,"2011-09-27 00:00:00",99999999.99,NULL,3,251,0,NULL,NULL,NULL,NULL
231,4,1,"AYT PROMOCIONES INMOBILIARIAS III, FONDO DE TITULIZACION DE ACTIVOS",V84367523,"2005-06-02 00:00:00",99999999.99,NULL,308,308,0,NULL,NULL,NULL,NULL
232,4,1,"AYT PROMOCIONES INMOBILIARIAS IV, FONDO DE TITULIZACION DE ACTIVOS",V84387695,"2005-06-23 00:00:00",99999999.99,NULL,355,356,0,NULL,NULL,NULL,NULL
233,4,1,"AYT UNICAJA FINANCIACION I, FONDO DE TITULIZACION DE ACTIVOS",V85521144,"2008-10-02 00:00:00",99999999.99,NULL,NULL,NULL,0,NULL,NULL,NULL,NULL
234,4,1,"AYT VPO II, FONDO DE TITULIZACION DE ACTIVOS",V85764066,"2009-10-20 00:00:00",99999999.99,NULL,NULL,NULL,0,NULL,NULL,NULL,NULL
235,4,1,"CEAMI GUARANTEED BONDS I, FONDO DE TITULIZACION DE ACTIVOS",V85654036,"2009-06-19 00:00:00",99999999.99,NULL,NULL,NULL,0,NULL,NULL,NULL,NULL
236,4,1,"ICO MEDIACION II AYT, FONDO DE TITULIZACION DE ACTIVOS",V86012580,"2010-07-27 00:00:00",99999999.99,NULL,9,596,0,NULL,NULL,NULL,NULL
237,4,1,"ICO MEDIACION I AYT, FONDO DE TITULIZACION DE ACTIVOS",V85019321,"2007-03-06 00:00:00",99999999.99,NULL,NULL,NULL,0,NULL,NULL,NULL,NULL
238,4,1,"MADRID ACTIVOS CORPORATIVOS III, FONDO DE TITULIZACION DE ACTIVOS",V85591113,"2009-01-31 00:00:00",99999999.99,NULL,296,297,0,NULL,NULL,NULL,NULL
239,5,1,"CEDULAS GRUPO BANCO POPULAR 2, FONDO DE TITULIZACION DE ACTIVOS",V84676642,"1980-01-01 00:00:00",NULL,NULL,NULL,NULL,0,NULL,NULL,NULL,NULL
240,5,1,"CEDULAS GRUPO BANCO POPULAR 3, FONDO DE TITULIZACION DE ACTIVOS",V85075653,"1980-01-01 00:00:00",NULL,NULL,NULL,NULL,0,NULL,NULL,NULL,NULL
241,5,1,"CEDULAS GRUPO BANCO POPULAR 4, FONDO DE TITULIZACION DE ACTIVOS",V85470300,"1980-01-01 00:00:00",NULL,NULL,NULL,NULL,0,NULL,NULL,NULL,NULL
242,5,1,"CEDULAS GRUPO BANCO POPULAR 5, FONDO DE TITULIZACION DE ACTIVOS",V86190832,"1980-01-01 00:00:00",NULL,NULL,NULL,NULL,0,NULL,NULL,NULL,NULL
243,5,1,"IM BANCO POPULAR FTPYME 1, FONDO DE TITULIZACION DE ACTIVOS",V84193051,"1980-01-01 00:00:00",NULL,NULL,NULL,NULL,0,NULL,NULL,NULL,NULL
244,5,1,"IM BANCO POPULAR FTPYME 2, FONDO DE TITULIZACION DE ACTIVOS",V85529865,"1980-01-01 00:00:00",NULL,NULL,NULL,NULL,0,NULL,NULL,NULL,NULL
245,5,1,"IM BANCO POPULAR FTPYME 3, FONDO DE TITULIZACION DE ACTIVOS",V86304227,"1980-01-01 00:00:00",NULL,NULL,NULL,NULL,0,NULL,NULL,NULL,NULL
246,5,1,"IM BANCO POPULAR MBS 1, FONDO DE TITULIZACION DE ACTIVOS",V85560779,"1980-01-01 00:00:00",NULL,NULL,NULL,NULL,0,NULL,NULL,NULL,NULL
247,5,1,"IM BANCO POPULAR MBS 2, FONDO DE TITULIZACION DE ACTIVOS",V85876860,"1980-01-01 00:00:00",NULL,NULL,NULL,NULL,0,NULL,NULL,NULL,NULL
248,5,1,"IM BCG RMBS 2, FONDO DE TITULIZACION DE ACTIVOS",V86851664,"1980-01-01 00:00:00",NULL,NULL,NULL,NULL,0,NULL,NULL,NULL,NULL
249,5,1,"IM CAIXA GIRONA EMPRESAS 1, FONDO DE TITULIZACION DE ACTIVOS",V85422020,"1980-01-01 00:00:00",NULL,NULL,NULL,NULL,0,NULL,NULL,NULL,NULL
250,5,1,"IM CAJAMAR 1, FONDO DE TITULIZACION DE ACTIVOS",V84067446,"1980-01-01 00:00:00",NULL,NULL,NULL,NULL,0,NULL,NULL,NULL,NULL
251,5,1,"IM CAJAMAR 3, FONDO DE TITULIZACION DE ACTIVOS",V84638121,"1980-01-01 00:00:00",NULL,NULL,NULL,NULL,0,NULL,NULL,NULL,NULL
252,5,1,"IM CAJAMAR 4, FONDO DE TITULIZACION DE ACTIVOS",V84818681,"1980-01-01 00:00:00",NULL,NULL,NULL,NULL,0,NULL,NULL,NULL,NULL
253,5,1,"IM CAJAMAR 5, FONDO DE TITULIZACION DE ACTIVOS",V85208502,"1980-01-01 00:00:00",NULL,NULL,NULL,NULL,0,NULL,NULL,NULL,NULL
254,5,1,"IM CAJAMAR 6, FONDO DE TITULIZACION DE ACTIVOS",V85347060,"1980-01-01 00:00:00",NULL,NULL,NULL,NULL,0,NULL,NULL,NULL,NULL
255,5,1,"IM CAJAMAR EMPRESAS 2 FTPYME, FONDO DE TITULIZACION DE ACTIVOS",V85541662,"1980-01-01 00:00:00",NULL,NULL,NULL,NULL,0,NULL,NULL,NULL,NULL
256,5,1,"IM CAJAMAR EMPRESAS 4, FONDO DE TITULIZACION DE ACTIVOS",V86395647,"1980-01-01 00:00:00",NULL,NULL,NULL,NULL,0,NULL,NULL,NULL,NULL
257,5,1,"IM CAJAMAR EMPRESAS 5, FONDO DE TITULIZACION DE ACTIVOS",V86684560,"1980-01-01 00:00:00",NULL,NULL,NULL,NULL,0,NULL,NULL,NULL,NULL
258,5,1,"IM CAJASTUR MBS 1, FONDO DE TITULIZACION DE ACTIVOS",V86036647,"1980-01-01 00:00:00",NULL,NULL,NULL,NULL,0,NULL,NULL,NULL,NULL
259,5,1,"IM CAJA LABORAL 1, FONDO DE TITULIZACION DE ACTIVOS",V84910405,"1980-01-01 00:00:00",NULL,NULL,NULL,NULL,0,NULL,NULL,NULL,NULL
260,5,1,"IM CAJA LABORAL 2, FONDO DE TITULIZACION DE ACTIVOS",V85447530,"1980-01-01 00:00:00",NULL,NULL,NULL,NULL,0,NULL,NULL,NULL,NULL
261,5,1,"IM CAJA LABORAL EMPRESAS 1, FONDO DE TITULIZACION DE ACTIVOS",V86195872,"1980-01-01 00:00:00",NULL,NULL,NULL,NULL,0,NULL,NULL,NULL,NULL
262,5,1,"IM CEDULAS 1 GRUPO BANCO POPULAR, FONDO DE TITULIZACION DE ACTIVOS",V83893032,"1980-01-01 00:00:00",NULL,NULL,NULL,NULL,0,NULL,NULL,NULL,NULL
263,5,1,"IM CEDULAS 4, FONDO DE TITULIZACION DE ACTIVOS",V84272376,"1980-01-01 00:00:00",NULL,NULL,NULL,NULL,0,NULL,NULL,NULL,NULL
264,5,1,"IM CEDULAS 5, FONDO DE TITULIZACION DE ACTIVOS",V84371475,"1980-01-01 00:00:00",NULL,NULL,NULL,NULL,0,NULL,NULL,NULL,NULL
265,5,1,"IM CEDULAS 7, FONDO DE TITULIZACION DE ACTIVOS",V84662022,"1980-01-01 00:00:00",NULL,NULL,NULL,NULL,0,NULL,NULL,NULL,NULL
266,5,1,"IM CEDULAS 9, FONDO DE TITULIZACION DE ACTIVOS",V84732874,"1980-01-01 00:00:00",NULL,NULL,NULL,NULL,0,NULL,NULL,NULL,NULL
267,5,1,"IM CEDULAS 10, FONDO DE TITULIZACION DE ACTIVOS",V84992403,"1980-01-01 00:00:00",NULL,NULL,NULL,NULL,0,NULL,NULL,NULL,NULL
268,5,1,"IM CEDULAS 12, FONDO DE TITULIZACION DE ACTIVOS",V85269769,"1980-01-01 00:00:00",NULL,NULL,NULL,NULL,0,NULL,NULL,NULL,NULL
269,5,1,"IM CERES 1 CAJAMAR, FONDO DE TITULIZACION DE ACTIVOS",V84019496,"1980-01-01 00:00:00",NULL,NULL,NULL,NULL,0,NULL,NULL,NULL,NULL
270,5,1,"IM CERES 2 CAJAMAR, FONDO DE TITULIZACION DE ACTIVOS",V84519107,"1980-01-01 00:00:00",NULL,NULL,NULL,NULL,0,NULL,NULL,NULL,NULL
271,5,1,"IM CFS RMBS 1, FONDO DE TITULIZACION DE ACTIVOS",V86584612,"1980-01-01 00:00:00",NULL,NULL,NULL,NULL,0,NULL,NULL,NULL,NULL
272,5,1,IM_EMPRESAS_PASTOR_7__FONDO_DE_TITULIZACION_DE_ACTIVOS,V85673507,"1980-01-01 00:00:00",NULL,NULL,NULL,NULL,0,NULL,NULL,NULL,NULL
273,5,1,"IM EVO RMBS 1, FONDO DE TITULIZACION",V87312823,"1980-01-01 00:00:00",NULL,NULL,NULL,NULL,0,NULL,NULL,NULL,NULL
274,5,1,"IM FTGENCAT SABADELL 2, FONDO DE TITULIZACION DE ACTIVOS",V84758085,"1980-01-01 00:00:00",NULL,NULL,NULL,NULL,0,NULL,NULL,NULL,NULL
275,5,1,"IM FTGENCAT SABADELL 3, FONDO DE TITULIZACION DE ACTIVOS",V85282499,"1980-01-01 00:00:00",NULL,NULL,NULL,NULL,0,NULL,NULL,NULL,NULL
276,5,1,"IM FTGENCAT SABADELL 4, FONDO DE TITULIZACION DE ACTIVOS",V85569937,"1980-01-01 00:00:00",NULL,NULL,NULL,NULL,0,NULL,NULL,NULL,NULL
277,5,1,"IM FTPYME SABADELL 3, FONDO DE TITULIZACION DE ACTIVOS",V84160498,"1980-01-01 00:00:00",NULL,NULL,NULL,NULL,0,NULL,NULL,NULL,NULL
278,5,1,"IM FTPYME SABADELL 7, FONDO DE TITULIZACION DE ACTIVOS",V85529345,"1980-01-01 00:00:00",NULL,NULL,NULL,NULL,0,NULL,NULL,NULL,NULL
279,5,1,"IM GOYA HIPOTECARIO I, FONDO DE TITULIZACION DE ACTIVOS",V85241024,"1980-01-01 00:00:00",NULL,NULL,NULL,NULL,0,NULL,NULL,NULL,NULL
280,5,1,"IM GRUPO BANCO POPULAR EMPRESAS 1, FONDO DE TITULIZACION DE ACTIVOS",V84823038,"1980-01-01 00:00:00",NULL,NULL,NULL,NULL,0,NULL,NULL,NULL,NULL
281,5,1,"IM GRUPO BANCO POPULAR EMPRESAS 2, FONDO DE TITULIZACION DE ACTIVOS",V85283968,"1980-01-01 00:00:00",NULL,NULL,NULL,NULL,0,NULL,NULL,NULL,NULL
282,5,1,"IM GRUPO BANCO POPULAR EMPRESAS 3, FONDO DE TITULIZACION DE ACTIVOS",V85728152,"1980-01-01 00:00:00",NULL,NULL,NULL,NULL,0,NULL,NULL,NULL,NULL
283,5,1,"IM GRUPO BANCO POPULAR EMPRESAS 4, FONDO DE TITULIZACION DE ACTIVOS",V86127164,"1980-01-01 00:00:00",NULL,NULL,NULL,NULL,0,NULL,NULL,NULL,NULL
284,5,1,"IM GRUPO BANCO POPULAR EMPRESAS VI, FONDO DE TITULIZACIÃN DE ACTIVOS",V87222360,"1980-01-01 00:00:00",NULL,NULL,NULL,NULL,0,NULL,NULL,NULL,NULL
285,5,1,"IM GRUPO BANCO POPULAR EMPRESAS V, FONDO DE TITULIZACION DE ACTIVOS",V86660842,"1980-01-01 00:00:00",NULL,NULL,NULL,NULL,0,NULL,NULL,NULL,NULL
286,5,1,"IM GRUPO BANCO POPULAR FINANCIACIONES 1, FTA",V85451615,"1980-01-01 00:00:00",NULL,NULL,NULL,NULL,0,NULL,NULL,NULL,NULL
287,5,1,"IM GRUPO BANCO POPULAR FTPYME II, FONDO DE TITULIZACION DE ACTIVOS",V85152809,"1980-01-01 00:00:00",NULL,NULL,NULL,NULL,0,NULL,NULL,NULL,NULL
288,5,1,"IM GRUPO BANCO POPULAR FTPYME I FONDO DE TITULIZACION DE ACTIVOS",V84905397,"1980-01-01 00:00:00",NULL,NULL,NULL,NULL,0,NULL,NULL,NULL,NULL
289,5,1,"IM GRUPO BANCO POPULAR LEASING 2, FONDO DE TITULIZACION DE ACTIVOS",V86223096,"1980-01-01 00:00:00",NULL,NULL,NULL,NULL,0,NULL,NULL,NULL,NULL
290,5,1,"IM GRUPO BANCO POPULAR MBS 3, FONDO DE TITULIZACIÃN",V87416939,"1980-01-01 00:00:00",NULL,NULL,NULL,NULL,0,NULL,NULL,NULL,NULL
291,5,1,"IM PASTOR 2, FONDO DE TITULIZACION HIPOTECARIA",V84037506,"1980-01-01 00:00:00",NULL,NULL,NULL,NULL,0,NULL,NULL,NULL,NULL
292,5,1,"IM PASTOR 3, FONDO DE TITULIZACION HIPOTECARIA",V84370519,"1980-01-01 00:00:00",NULL,NULL,NULL,NULL,0,NULL,NULL,NULL,NULL
293,5,1,"IM PASTOR 4, FONDO DE TITULIZACION DE ACTIVOS",V84731181,"1980-01-01 00:00:00",NULL,NULL,NULL,NULL,0,NULL,NULL,NULL,NULL
294,5,1,"IM PRESTAMOS FONDOS CEDULAS, FONDO DE TITULIZACION DE ACTIVOS",V85174068,"1980-01-01 00:00:00",NULL,NULL,NULL,NULL,0,NULL,NULL,NULL,NULL
295,5,1,"IM SABADELL EMPRESAS 1, FONDO DE TITULIZACION DE ACTIVOS",V85247831,"1980-01-01 00:00:00",NULL,NULL,NULL,NULL,0,NULL,NULL,NULL,NULL
296,5,1,"IM SABADELL EMPRESAS 3, FONDO DE TITULIZACION DE ACTIVOS",V85577500,"1980-01-01 00:00:00",NULL,NULL,NULL,NULL,0,NULL,NULL,NULL,NULL
297,5,1,"IM SABADELL EMPRESAS 5, FONDO DE TITULIZACION DE ACTIVOS",V85730299,"1980-01-01 00:00:00",NULL,NULL,NULL,NULL,0,NULL,NULL,NULL,NULL
298,5,1,"IM SABADELL RMBS 2, FONDO DE TITULIZACION DE ACTIVOS",V85468478,"1980-01-01 00:00:00",NULL,NULL,NULL,NULL,0,NULL,NULL,NULL,NULL
299,5,1,"IM SABADELL RMBS 3, FONDO DE TITULIZACION DE ACTIVOS",V85577450,"1980-01-01 00:00:00",NULL,NULL,NULL,NULL,0,NULL,NULL,NULL,NULL
300,5,1,"IM TARJETAS 1, FONDO DE TITULIZACION DE ACTIVOS",V86576014,"1980-01-01 00:00:00",NULL,NULL,NULL,NULL,0,NULL,NULL,NULL,NULL
301,5,1,"IM TERRASSA 1 FTGENCAT FTA",V84519909,"1980-01-01 00:00:00",NULL,NULL,NULL,NULL,0,NULL,NULL,NULL,NULL
302,5,1,"IM TERRASSA MBS 1, FONDO DE TITULIZACION DE ACTIVOS",V84777820,"1980-01-01 00:00:00",NULL,NULL,NULL,NULL,0,NULL,NULL,NULL,NULL
303,5,1,"IM TERRASSA RMBS 1, FONDO DE TITULIZACION DE ACTIVOS",V85420362,"1980-01-01 00:00:00",NULL,NULL,NULL,NULL,0,NULL,NULL,NULL,NULL
304,5,1,"INTERMONEY MASTER CEDULAS, FONDO DE TITULIZACION DE ACTIVOS",V84522630,"1980-01-01 00:00:00",NULL,NULL,NULL,NULL,0,NULL,NULL,NULL,NULL
305,6,1,"EMPRESAS BANESTO 2, FONDO DE TITULIZACION DE ACTIVOS",V85475804,"2008-06-24 00:00:00",99999999.99,NULL,212,506,0,NULL,NULL,NULL,NULL
306,6,1,"EMPRESAS BANESTO 3, FONDO DE TITULIZACION DE ACTIVOS",V85586923,"2008-12-04 00:00:00",99999999.99,NULL,212,1003,0,NULL,NULL,NULL,NULL
307,6,1,"EMPRESAS BANESTO 4, FONDO DE TITULIZACION DE ACTIVOS",V85707909,"2009-05-21 00:00:00",99999999.99,NULL,NULL,NULL,0,NULL,NULL,NULL,NULL
308,6,1,"EMPRESAS BANESTO 5, FONDO DE TITULIZACION DE ACTIVOS",V86031168,"2010-09-09 00:00:00",99999999.99,NULL,243,555,0,NULL,NULL,NULL,NULL
309,6,1,"EMPRESAS BANESTO 6, FONDO DE TITULIZACION DE ACTIVOS",V86320322,"2011-10-18 00:00:00",99999999.99,NULL,247,342,0,NULL,NULL,NULL,NULL
310,6,1,"EMPRESAS BANESTO I FONDO DE TITULIZACION DE ACTIVOS",V85231009,"2007-10-04 00:00:00",99999999.99,NULL,225,1145,0,NULL,NULL,NULL,NULL
311,6,1,"F.T.A. PROGRAMA INDEPENDIENTE DE TITULIZ. DE CED. HIPOTECARIA",V85166619,"2007-07-10 00:00:00",99999999.99,NULL,NULL,NULL,0,NULL,NULL,NULL,NULL
312,6,1,"F.T.H. BANESTO 5, FONDO DE TITULIZACIÃN HIPOTECARIA",V86159282,"2011-02-24 00:00:00",99999999.99,NULL,263,861,0,NULL,NULL,NULL,NULL
313,6,1,"FONDO DE TITULIZACION DE ACTIVOS CONSUMO SANTANDER I",V83581629,"2003-03-03 00:00:00",99999999.99,NULL,216,NULL,0,NULL,NULL,NULL,NULL
314,6,1,"FONDO DE TITULIZACION DE ACTIVOS PYMES BANESTO 3",V86642048,"1980-01-01 00:00:00",NULL,NULL,NULL,NULL,0,NULL,NULL,NULL,NULL
315,6,1,"FONDO DE TITULIZACION DE ACTIVOS PYMES SANTANDER 3",V86514676,"1980-01-01 00:00:00",NULL,NULL,NULL,NULL,0,NULL,NULL,NULL,NULL
316,6,1,"FONDO DE TITULIZACION DE ACTIVOS PYMES SANTANDER 4",V86589686,"1980-01-01 00:00:00",NULL,NULL,NULL,NULL,0,NULL,NULL,NULL,NULL
317,6,1,"FONDO DE TITULIZACION DE ACTIVOS PYMES SANTANDER 5",V86735149,"1980-01-01 00:00:00",NULL,NULL,NULL,NULL,0,NULL,NULL,NULL,NULL
318,6,1,"FONDO DE TITULIZACION DE ACTIVOS PYMES SANTANDER 6",V86867959,"1980-01-01 00:00:00",NULL,NULL,NULL,NULL,0,NULL,NULL,NULL,NULL
319,6,1,"FONDO DE TITULIZACION DE ACTIVOS RMBS PRADO 1",V87298592,"1980-01-01 00:00:00",NULL,NULL,NULL,NULL,0,NULL,NULL,NULL,NULL
320,6,1,"FONDO DE TITULIZACION DE ACTIVOS RMBS SANTANDER 2",V87059002,"1980-01-01 00:00:00",NULL,NULL,NULL,NULL,0,NULL,NULL,NULL,NULL
321,6,1,"FONDO DE TITULIZACION DE ACTIVOS RMBS SANTANDER 3",V87144002,"1980-01-01 00:00:00",NULL,NULL,NULL,NULL,0,NULL,NULL,NULL,NULL
322,6,1,"FONDO DE TITULIZACION DE ACTIVOS SANTANDER AUTO 1",V84306059,"1980-01-01 00:00:00",NULL,NULL,NULL,NULL,0,NULL,NULL,NULL,NULL
323,6,1,"FONDO DE TITULIZACION DE ACTIVOS SANTANDER CONSUMER SPAIN 07-2",V85211753,"1980-01-01 00:00:00",NULL,NULL,NULL,NULL,0,NULL,NULL,NULL,NULL
324,6,1,"FONDO DE TITULIZACION DE ACTIVOS SANTANDER CONSUMER SPAIN AUTO 06",V84850163,"1980-01-01 00:00:00",NULL,NULL,NULL,NULL,0,NULL,NULL,NULL,NULL
325,6,1,"FONDO DE TITULIZACION DE ACTIVOS SANTANDER CONSUMER SPAIN AUTO 07-1",V85104685,"1980-01-01 00:00:00",NULL,NULL,NULL,NULL,0,NULL,NULL,NULL,NULL
326,6,1,"FONDO DE TITULIZACION DE ACTIVOS SANTANDER CONSUMER SPAIN AUTO 2011-1",V86352242,"1980-01-01 00:00:00",NULL,NULL,NULL,NULL,0,NULL,NULL,NULL,NULL
327,6,1,"FONDO DE TITULIZACION DE ACTIVOS SANTANDER CONSUMER SPAIN AUTO 2012-1",V86595758,"1980-01-01 00:00:00",NULL,NULL,NULL,NULL,0,NULL,NULL,NULL,NULL
328,6,1,"FONDO DE TITULIZACION DE ACTIVOS SANTANDER CONSUMER SPAIN AUTO 2014-1",V87151460,"1980-01-01 00:00:00",NULL,NULL,NULL,NULL,0,NULL,NULL,NULL,NULL
329,6,1,"FONDO DE TITULIZACION DE ACTIVOS SANTANDER FINANCIACION 1",V84919968,"1980-01-01 00:00:00",NULL,NULL,NULL,NULL,0,NULL,NULL,NULL,NULL
330,6,1,"FONDO DE TITULIZACION DE ACTIVOS SANTANDER FINANCIACION 4",V85782753,"1980-01-01 00:00:00",NULL,NULL,NULL,NULL,0,NULL,NULL,NULL,NULL
331,6,1,"FONDO DE TITULIZACION DE ACTIVOS SANTANDER FINANCIACION 5",V86248432,"1980-01-01 00:00:00",NULL,NULL,NULL,NULL,0,NULL,NULL,NULL,NULL
332,6,1,"FONDO DE TITULIZACION DE ACTIVOS SANTANDER HIPOTECARIO 2",V84761725,"1980-01-01 00:00:00",NULL,NULL,NULL,NULL,0,NULL,NULL,NULL,NULL
333,6,1,"FONDO DE TITULIZACION DE ACTIVOS SANTANDER HIPOTECARIO 3",V85051993,"1980-01-01 00:00:00",NULL,NULL,NULL,NULL,0,NULL,NULL,NULL,NULL
334,6,1,"FONDO DE TITULIZACION DE ACTIVOS SANTANDER HIPOTECARIO 4",V85225142,"1980-01-01 00:00:00",NULL,NULL,NULL,NULL,0,NULL,NULL,NULL,NULL
335,6,1,"FONDO DE TITULIZACION DE ACTIVOS SANTANDER HIPOTECARIO 5",V85559938,"1980-01-01 00:00:00",NULL,NULL,NULL,NULL,0,NULL,NULL,NULL,NULL
336,6,1,"FONDO DE TITULIZACION DE ACTIVOS SANTANDER HIPOTECARIO 6",V85963353,"1980-01-01 00:00:00",NULL,NULL,NULL,NULL,0,NULL,NULL,NULL,NULL
337,6,1,"FONDO DE TITULIZACION DE ACTIVOS SANTANDER HIPOTECARIO 7",V86268331,"1980-01-01 00:00:00",NULL,NULL,NULL,NULL,0,NULL,NULL,NULL,NULL
338,6,1,"FONDO DE TITULIZACION DE ACTIVOS SANTANDER HIPOTECARIO 8",V86357589,"1980-01-01 00:00:00",NULL,NULL,NULL,NULL,0,NULL,NULL,NULL,NULL
339,6,1,"FONDO DE TITULIZACION DE ACTIVOS SANTANDER HIPOTECARIO 9",V86765765,"1980-01-01 00:00:00",NULL,NULL,NULL,NULL,0,NULL,NULL,NULL,NULL
340,6,1,"FONDO DE TITULIZACION DE ACTIVOS UCI 6",V82699232,"2000-06-13 00:00:00",99999999.99,NULL,223,372,0,NULL,NULL,NULL,NULL
341,6,1,"FONDO DE TITULIZACION DE ACTIVOS UCI 7",V83129007,"2001-08-24 00:00:00",99999999.99,NULL,189,377,0,NULL,NULL,NULL,NULL
342,6,1,"FONDO DE TITULIZACION DE ACTIVOS UCI 8",V83353557,"2002-06-20 00:00:00",99999999.99,NULL,187,292,0,NULL,NULL,NULL,NULL
343,6,1,"FONDO DE TITULIZACION DE ACTIVOS UCI 9",V83681296,"2003-06-12 00:00:00",99999999.99,NULL,212,470,0,NULL,NULL,NULL,NULL
344,6,1,"FONDO DE TITULIZACION DE ACTIVOS UCI 11",V84159268,"2004-11-16 00:00:00",99999999.99,NULL,318,413,0,NULL,NULL,NULL,NULL
345,6,1,"FONDO DE TITULIZACION DE ACTIVOS UCI 14",V84521525,"2005-11-25 00:00:00",99999999.99,NULL,315,528,0,NULL,NULL,NULL,NULL
346,6,1,"FONDO DE TITULIZACION DE ACTIVOS UCI 16",V84856236,"2006-10-17 00:00:00",99999999.99,NULL,382,565,0,NULL,NULL,NULL,NULL
347,6,1,"FONDO DE TITULIZACION DE ACTIVOS UCI 18",V85369213,"2008-02-26 00:00:00",99999999.99,NULL,308,434,0,NULL,NULL,NULL,NULL
348,6,1,"FONDO DE TITULIZACION DE ACTIVOS, HIPOTEBANSA 11",V83482844,"2002-11-22 00:00:00",99999999.99,NULL,172,645,0,NULL,NULL,NULL,NULL
349,6,1,"FONDO DE TITULIZACION DE ACTIVOS, RMBS SANTANDER 1",V87043295,"2014-06-17 00:00:00",99999999.99,NULL,208,602,0,NULL,NULL,NULL,NULL
350,6,1,"FONDO DE TITULIZACION DE ACTIVOS, UCI 15",V84698067,"2006-04-27 00:00:00",99999999.99,NULL,223,NULL,0,NULL,NULL,NULL,1
351,6,1,"FONDO DE TITULIZACION DE ACTIVOS, UCI 17",V85088722,"2007-05-03 00:00:00",99999999.99,NULL,251,287,0,NULL,NULL,NULL,NULL
352,6,1,"FONDO DE TITULIZACION DE ACTIVOS, UCI 19",V85659001,"2009-03-12 00:00:00",99999999.99,NULL,211,296,0,NULL,NULL,NULL,NULL
353,6,1,"FONDO DE TITULIZACION HIPOTECARIA UCI 4",V82071614,"1980-01-01 00:00:00",NULL,NULL,NULL,NULL,0,NULL,NULL,NULL,NULL
354,6,1,"FONDO DE TITULIZACION HIPOTECARIA UCI 5",V82357567,"1999-06-01 00:00:00",99999999.99,NULL,141,248,0,NULL,NULL,NULL,NULL
355,6,1,"FONDO DE TITULIZACION HIPOTECARIA UCI 10",V83998542,"2002-06-20 00:00:00",99999999.99,NULL,184,313,0,NULL,NULL,NULL,NULL
356,6,1,"FONDO DE TITULIZACION HIPOTECARIA UCI 12",V84359926,"2002-06-26 00:00:00",99999999.99,NULL,180,307,0,NULL,NULL,NULL,NULL
357,6,1,"FONDO DE TITULIZACION HIPOTECARIA, BANESTO 1",V82408469,"1980-01-01 00:00:00",NULL,NULL,NULL,NULL,0,NULL,NULL,NULL,NULL
358,6,1,"FONDO DE TITULIZACION HIPOTECARIA, BANESTO 2",V82660044,"1980-01-01 00:00:00",NULL,NULL,NULL,NULL,0,NULL,NULL,NULL,NULL
359,6,1,"FONDO DE TITULIZACION HIPOTECARIA, BANESTO 3",V83057448,"1980-01-01 00:00:00",NULL,NULL,NULL,NULL,0,NULL,NULL,NULL,NULL
360,6,1,"FONDO DE TITULIZACION HIPOTECARIA, BANESTO 4",V83841379,"1980-01-01 00:00:00",NULL,NULL,NULL,NULL,0,NULL,NULL,NULL,NULL
361,6,1,"FONDO DE TITULIZACION PYMES SANTANDER 12",V87436143,"1980-01-01 00:00:00",NULL,NULL,NULL,NULL,0,NULL,NULL,NULL,NULL
362,6,1,"FONDO DE TITULIZACION, RMBS SANTANDER 4",V87320073,"2015-06-23 00:00:00",99999999.99,NULL,238,NULL,0,NULL,NULL,NULL,NULL
363,6,1,"FTPYME BANESTO 1, FONDO DE TITULIZACION DE ACTIVOS",V83342428,"1980-01-01 00:00:00",NULL,NULL,NULL,NULL,0,NULL,NULL,NULL,NULL
364,6,1,"PYMES BANESTO 2, FONDO DE TITULIZACION DE ACTIVOS",V84893106,"1980-01-01 00:00:00",NULL,NULL,NULL,NULL,0,NULL,NULL,NULL,NULL
365,6,1,"SANTANDER CONSUMER FINANCE SPAIN 02-1, FTA",V83495143,"1980-01-01 00:00:00",NULL,NULL,NULL,NULL,0,NULL,NULL,NULL,NULL
366,6,1,"SANTANDER HIPOTECARIO I, FONDO DE TITULIZACION DE ACTIVOS",V84026756,"1980-01-01 00:00:00",NULL,NULL,NULL,NULL,0,NULL,NULL,NULL,NULL
367,7,1,"CAIXA PENEDES 1 TDA, FONDO DE TITULIZACION DE ACTIVOS",V84856319,"2006-10-17 00:00:00",99999999.99,NULL,263,292,0,NULL,NULL,NULL,NULL
368,7,1,"CAIXA PENEDES 2 TDA, FONDO DE TITULIZACION DE ACTIVOS",V85219772,"2007-09-26 00:00:00",99999999.99,NULL,244,295,0,NULL,NULL,NULL,NULL
369,7,1,"CAIXA PENEDES FT GENCAT 1 TDA, FONDO DE TITULIZACION DE ACTIVOS",V85500866,"2008-08-05 00:00:00",99999999.99,NULL,220,248,0,NULL,NULL,NULL,NULL
370,7,1,"CAIXA PENEDES PYMES 1 TDA, FONDO DE TITULIZACION DE ACTIVOS",V85143659,"2007-06-22 00:00:00",99999999.99,NULL,233,247,0,NULL,NULL,NULL,NULL
371,7,1,"CAJA INGENIEROS TDA 1, FONDO DE TITULIZACION DE ACTIVOS",V85732816,"2009-07-06 00:00:00",99999999.99,NULL,188,872,0,NULL,NULL,NULL,NULL
372,7,1,"CAMGE CONSUMO TDA CAM 1, FONDO DE TITULIZACION DE ACTIVOS",V85685113,"2009-04-22 00:00:00",99999999.99,NULL,NULL,NULL,0,NULL,NULL,NULL,NULL
373,7,1,"CEDULAS TDA 5, FONDO DE TITULIZACION DE ACTIVOS",V84166610,"2004-11-24 00:00:00",99999999.99,NULL,NULL,NULL,0,NULL,NULL,NULL,NULL
374,7,1,"CEDULAS TDA 6, FONDO DE TITULIZACION DE ACTIVOS",V84344696,"2005-05-18 00:00:00",99999999.99,NULL,NULL,NULL,0,NULL,NULL,NULL,NULL
375,7,1,"CEDULAS TDA 7, FONDO DE TITULIZACION DE ACTIVOS",V84372242,"2005-06-15 00:00:00",99999999.99,NULL,NULL,NULL,0,NULL,NULL,NULL,NULL
376,7,1,"CEDULAS TDA 9, FONDO DE TITULIZACIÃN DE ACTIVOS",V85277408,"2007-11-27 00:00:00",99999999.99,NULL,380,490,0,NULL,NULL,NULL,NULL
377,7,1,"CEDULAS TDA 10 FONDO DE TITULIZACION DE ACTIVOS",V85376655,"2008-03-04 00:00:00",99999999.99,NULL,NULL,NULL,0,NULL,NULL,NULL,NULL
378,7,1,"CEDULAS TDA 12, FONDO DE TITULIZACION DE ACTIVOS",V85470177,"2008-06-24 00:00:00",99999999.99,NULL,NULL,NULL,0,NULL,NULL,NULL,NULL
379,7,1,"CEDULAS TDA 18, FONDO DE TITULIZACION DE ACTIVOS",V85924934,"2010-04-06 00:00:00",99999999.99,NULL,NULL,NULL,0,NULL,NULL,NULL,NULL
380,7,1,"CEDULAS TDA 19, FONDO DE TITULIZACION DE ACTIVOS",V85981140,"2010-06-17 00:00:00",99999999.99,NULL,NULL,NULL,0,NULL,NULL,NULL,NULL
381,7,1,"CEDULAS TDA 20, FONDO DE TITULIZACION DE ACTIVOS",V85981181,"2010-06-15 00:00:00",99999999.99,NULL,NULL,NULL,0,NULL,NULL,NULL,NULL
382,7,1,"CEDULAS TDA 21, FONDO DE TITULIZACION",V86104858,"2010-12-21 00:00:00",99999999.99,NULL,NULL,NULL,0,NULL,NULL,NULL,NULL
383,7,1,"CIBELES III FTPYME, FONDO DE TITULIZACION DE ACTIVOS",V83845651,"2003-12-17 00:00:00",99999999.99,NULL,267,304,0,NULL,NULL,NULL,NULL
384,7,1,"CM BANCAJA 1, FONDO DE TITULIZACION DE ACTIVOS",V84459171,"2005-09-27 00:00:00",99999999.99,NULL,279,281,0,NULL,NULL,NULL,NULL
385,7,1,"EMPRESAS HIPOTECARIO TDA CAM 3, FONDO DE TITULIZACION DE ACTI",V84768563,"2006-07-06 00:00:00",99999999.99,NULL,222,226,0,NULL,NULL,NULL,NULL
386,7,1,"EMPRESAS HIPOTECARIO TDA CAM 5, FONDO DE TITULIZACION DE ACTI",V85238731,"2007-10-16 00:00:00",99999999.99,NULL,236,282,0,NULL,NULL,NULL,NULL
387,7,1,"EMPRESAS TDA CAM 6, FONDO DE TITULIZACION DE ACTIVOS",V85395937,"2008-03-18 00:00:00",99999999.99,NULL,233,240,0,NULL,NULL,NULL,NULL
388,7,1,"EMPRESAS TDA CAM 8, FONDO DE TITULIZACION DE ACTIVOS",V85729895,"2009-07-03 00:00:00",99999999.99,NULL,213,232,0,NULL,NULL,NULL,NULL
389,7,1,"FTPYME ICO-TDA 1, FONDO DE TITULIZACION",ESP-012206,"2000-02-29 00:00:00",99999999.99,NULL,220,290,0,NULL,NULL,NULL,NULL
390,7,1,"FTPYME ICO-TDA 2, FONDO DE TITULIZACION",V82923707,"2001-02-20 00:00:00",99999999.99,NULL,232,258,0,NULL,NULL,NULL,NULL
391,7,1,"FTPYME TDA 3, FONDO DE TITULIZACION DE ACTIVOS",V83234658,"2002-02-13 00:00:00",99999999.99,NULL,144,158,0,NULL,NULL,NULL,NULL
392,7,1,"FTPYME TDA 7, FONDO DE TITULIZACION DE ACTIVOS",V85295152,"2007-12-20 00:00:00",99999999.99,NULL,252,262,0,NULL,NULL,NULL,NULL
393,7,1,"FTPYME TDA CAM 1, FONDO DE TITULIZACION DE ACTIVOS",V83348334,"2002-06-17 00:00:00",99999999.99,NULL,145,182,0,NULL,NULL,NULL,NULL
394,7,1,"FTPYME TDA CAM 2, FONDO DE TITULIZACION DE ACTIVOS",V84158385,"2004-11-16 00:00:00",99999999.99,NULL,206,238,0,NULL,NULL,NULL,NULL
395,7,1,"FTPYME TDA CAM 4, FONDO DE TITULIZACION DE ACTIVOS",V84918689,"2006-12-12 00:00:00",99999999.99,NULL,244,329,0,NULL,NULL,NULL,NULL
396,7,1,"FTPYME TDA CAM 7, FONDO DE TITULIZACION DE ACTIVOS",V85500874,"2008-07-31 00:00:00",99999999.99,NULL,241,269,0,NULL,NULL,NULL,NULL
397,7,1,"FTPYME TDA CAM 9, FONDO DE TITULIZACION DE ACTIVOS",V86092673,"2010-12-14 00:00:00",99999999.99,NULL,225,287,0,NULL,NULL,NULL,NULL
398,7,1,"FTPYME TDA SABADELL 1, FONDO DE TITULIZACION DE ACTIVOS",V83335349,"2012-05-30 00:00:00",99999999.99,NULL,138,151,0,NULL,NULL,NULL,NULL
399,7,1,"FTPYME TDA SABADELL 2, FONDO DE TITULIZACION DE ACTIVOS",V83807206,"2003-11-10 00:00:00",99999999.99,NULL,201,218,0,NULL,NULL,NULL,NULL
400,7,1,"MADRID CONSUMO I, FONDO DE TITULIZACION DE ACTIVOS",V85595098,"2008-12-16 00:00:00",99999999.99,NULL,223,1347,0,NULL,NULL,NULL,NULL
401,7,1,"MADRID EMPRESAS I, FONDO DE TITULIZACION DE ACTIVOS",V85295046,"2007-12-21 00:00:00",99999999.99,NULL,241,275,0,NULL,NULL,NULL,NULL
402,7,1,"MADRID FTPYME II, FONDO DE TITULIZACION DE ACTIVOS",V86356474,"2011-12-22 00:00:00",99999999.99,NULL,288,333,0,NULL,NULL,NULL,NULL
403,7,1,"MADRID FTPYME I, FONDO DE TITULIZACION DE ACTIVOS",V86100104,"2010-12-14 00:00:00",99999999.99,NULL,272,328,0,NULL,NULL,NULL,NULL
404,7,1,"MADRID ICO-FTVPO I, FONDO DE TITULIZACION DE ACTIVOS",V85586055,"2008-12-19 00:00:00",99999999.99,NULL,256,289,0,NULL,NULL,NULL,NULL
405,7,1,"MADRID RESIDENCIAL II, FONDO DE TITULIZACION DE ACTIVOS",V85981231,"2010-06-24 00:00:00",99999999.99,NULL,244,258,0,NULL,NULL,NULL,NULL
406,7,1,"MADRID RESIDENCIAL I, FONDO DE TITULIZACION DE ACTIVOS",V85594927,"2008-12-23 00:00:00",99999999.99,NULL,229,257,0,NULL,NULL,NULL,NULL
407,7,1,"MADRID RMBS III FONDO DE TITULIZACION DE ACTIVOS",V85160935,"2007-07-10 00:00:00",99999999.99,NULL,285,373,0,NULL,NULL,NULL,NULL
408,7,1,"MADRID RMBS II, FONDO DE TITULIZACION DE ACTIVOS",V84916956,"2006-12-05 00:00:00",99999999.99,NULL,231,299,0,NULL,NULL,NULL,NULL
409,7,1,"MADRID RMBS IV, FONDO DE TITULIZACION DE ACTIVOS",V85295087,"2007-12-18 00:00:00",99999999.99,NULL,240,311,0,NULL,NULL,NULL,NULL
410,7,1,"MADRID RMBS I, FONDO DE TITULIZACION DE ACTIVOS",V84889229,"2006-11-14 00:00:00",99999999.99,NULL,223,299,0,NULL,NULL,NULL,NULL
411,7,1,"SOL-LION, FONDO DE TITULIZACION DE ACTIVOS",V85683431,"2009-05-14 00:00:00",99999999.99,NULL,374,586,0,NULL,NULL,NULL,NULL
412,7,1,"TDA 13 - MIXTO, FONDO DE TITULIZACION DE ACTIVOS",V82841263,"2000-12-04 00:00:00",99999999.99,NULL,165,225,0,NULL,NULL,NULL,NULL
413,7,1,"TDA 14 - MIXTO, FONDO DE TITULIZACION DE ACTIVOS",V83035477,"2001-06-20 00:00:00",99999999.99,NULL,180,241,0,NULL,NULL,NULL,NULL
414,7,1,"TDA 15 - MIXTO, FONDO DE TITULIZACION DE ACTIVOS",V83458653,"2002-10-31 00:00:00",99999999.99,NULL,173,198,0,NULL,NULL,NULL,NULL
415,7,1,"TDA 16 - MIXTO, FONDO DE TITULIZACION DE ACTIVOS",V83658963,"2003-05-28 00:00:00",99999999.99,NULL,181,233,0,NULL,NULL,NULL,NULL
416,7,1,"TDA 19 - MIXTO, FONDO DE TITULIZACION DE ACTIVOS",V83917526,"2004-02-26 00:00:00",99999999.99,NULL,215,261,0,NULL,NULL,NULL,NULL
417,7,1,"TDA 20 - MIXTO, FONDO DE TITULIZACION DE ACTIVOS",V84041052,"2004-06-24 00:00:00",99999999.99,NULL,329,339,0,NULL,NULL,NULL,NULL
418,7,1,"TDA 22 - MIXTO, FONDO DE TITULIZACION DE ACTIVOS",V84175744,"2004-11-30 00:00:00",99999999.99,NULL,302,358,0,NULL,NULL,NULL,NULL
419,7,1,"TDA 23, FONDO DE TITULIZACION DE ACTIVOS",V84286491,"2005-03-17 00:00:00",99999999.99,NULL,210,377,0,NULL,NULL,NULL,NULL
420,7,1,"TDA 24, FONDO DE TITULIZACION DE ACTIVOS",V84522655,"2005-11-25 00:00:00",99999999.99,NULL,260,322,0,NULL,NULL,NULL,NULL
421,7,1,"TDA 25, FONDO DE TITULIZACION DE ACTIVOS",V84791409,"2006-07-28 00:00:00",99999999.99,NULL,248,368,0,NULL,NULL,NULL,NULL
422,7,1,"TDA 26 - MIXTO, FONDO DE TITULIZACION DE ACTIVOS",V84764588,"2006-07-04 00:00:00",99999999.99,NULL,254,309,0,NULL,NULL,NULL,NULL
423,7,1,"TDA 27, FONDO DE TITULIZACION DE ACTIVOS",V84925569,"2006-12-19 00:00:00",99999999.99,NULL,277,355,0,NULL,NULL,NULL,NULL
424,7,1,"TDA 28, FONDO DE TITULIZACION DE ACTIVOS",V85167864,"2007-07-17 00:00:00",99999999.99,NULL,266,304,0,NULL,NULL,NULL,NULL
425,7,1,"TDA 29, FONDO DE TITULIZACION DE ACTIVOS",V85162188,"2007-07-24 00:00:00",99999999.99,NULL,266,301,0,NULL,NULL,NULL,NULL
426,7,1,"TDA 30, FONDO DE TITULIZACION DE ACTIVOS",V85384683,"2008-03-11 00:00:00",99999999.99,NULL,242,263,0,NULL,NULL,NULL,NULL
427,7,1,"TDA 31, FONDO DE TITULIZACION DE ACTIVOS",V85567253,"2008-11-18 00:00:00",99999999.99,NULL,224,242,0,NULL,NULL,NULL,NULL
428,7,1,"TDA CAJAMAR 2, FONDO DE TITULIZACION DE ACTIVOS",V84348655,"2015-05-17 00:00:00",99999999.99,NULL,235,313,0,NULL,NULL,NULL,NULL
429,7,1,"TDA CAM 1, FONDO DE TITULIZACION DE ACTIVOS",V83593335,"2003-03-07 00:00:00",99999999.99,NULL,137,219,0,NULL,NULL,NULL,NULL
430,7,1,"TDA CAM 2, FONDO DE TITULIZACION DE ACTIVOS",V83691329,"2003-06-26 00:00:00",99999999.99,NULL,168,250,0,NULL,NULL,NULL,NULL
431,7,1,"TDA CAM 3, FONDO DE TITULIZACION DE ACTIVOS",V83869834,"2004-01-15 00:00:00",99999999.99,NULL,172,272,0,NULL,NULL,NULL,NULL
432,7,1,"TDA CAM 4, FONDO DE TITULIZACION DE ACTIVOS",V84274646,"2005-03-09 00:00:00",99999999.99,NULL,206,399,0,NULL,NULL,NULL,NULL
433,7,1,"TDA CAM 5, FONDO DE TITULIZACION DE ACTIVOS",V84466135,"2005-10-05 00:00:00",99999999.99,NULL,212,322,0,NULL,NULL,NULL,NULL
434,7,1,"TDA CAM 6, FONDO DE TITULIZACION DE ACTIVOS",V84664358,"2006-03-29 00:00:00",99999999.99,NULL,248,323,0,NULL,NULL,NULL,NULL
435,7,1,"TDA CAM 7, FONDO DE TITULIZACION DE ACTIVOS",V84851724,"2006-10-13 00:00:00",99999999.99,NULL,231,319,0,NULL,NULL,NULL,NULL
436,7,1,"TDA CAM 8, FONDO DE TITULIZACION DE ACTIVOS",V85017986,"2007-03-07 00:00:00",99999999.99,NULL,246,350,0,NULL,NULL,NULL,NULL
437,7,1,"TDA CAM 9, FONDO DE TITULIZACION DE ACTIVOS",V85151918,"2007-07-03 00:00:00",99999999.99,NULL,262,325,0,NULL,NULL,NULL,NULL
438,7,1,"TDA CAM 10, FONDO DE TITULIZACION DE ACTIVOS",V85289593,"2007-12-05 00:00:00",99999999.99,NULL,238,290,0,NULL,NULL,NULL,NULL
439,7,1,"TDA CAM 11, FONDO DE TITULIZACION DE ACTIVOS",V85567220,"2008-11-12 00:00:00",99999999.99,NULL,238,306,0,NULL,NULL,NULL,NULL
440,7,1,"TDA CAM 12, FONDO DE TITULIZACION DE ACTIVOS",V85628204,"2009-02-05 00:00:00",99999999.99,NULL,238,335,0,NULL,NULL,NULL,NULL
441,7,1,"TDA CCM CONSUMO 1, FONDO DE TITULIZACION DE ACTIVOS",V85449999,"2008-05-27 00:00:00",99999999.99,NULL,185,422,0,NULL,NULL,NULL,NULL
442,7,1,"TDA CORPORATIVOS I, FONDO DE TITULIZACION DE ACTIVOS",V85683464,"2009-11-19 00:00:00",99999999.99,NULL,308,334,0,NULL,NULL,NULL,NULL
443,7,1,"TDA CREDIFIMO 1, FONDO DE TITULIZACION DE ACTIVOS",V85480572,"2008-07-31 00:00:00",99999999.99,NULL,242,271,0,NULL,NULL,NULL,NULL
444,7,1,"TDA EMPRESAS PASTOR 5, FONDO DE TITULIZACION DE ACTIVOS",V85295228,"2007-12-14 00:00:00",99999999.99,NULL,142,177,0,NULL,NULL,NULL,NULL
445,7,1,"TDA FTPYME PASTOR 9, FONDO DE TITULIZACION DE ACTIVOS",V86081106,"2010-11-25 00:00:00",99999999.99,NULL,248,338,0,NULL,NULL,NULL,NULL
446,7,1,"TDA IBERCAJA 1, FONDO DE TITULIZACION DE ACTIVOS",V83768986,"2003-10-07 00:00:00",99999999.99,NULL,187,296,0,NULL,NULL,NULL,NULL
447,7,1,"TDA IBERCAJA 2, FONDO DE TITULIZACION DE ACTIVOS",V84473230,"2005-10-11 00:00:00",99999999.99,NULL,210,287,0,NULL,NULL,NULL,NULL
448,7,1,"TDA IBERCAJA 3, FONDO DE TITULIZACION DE ACTIVOS",V84709674,"2006-05-11 00:00:00",99999999.99,NULL,226,315,0,NULL,NULL,NULL,NULL
449,7,1,"TDA IBERCAJA 4, FONDO DE TITULIZACION DE ACTIVOS",V84856954,"2006-10-17 00:00:00",99999999.99,NULL,261,397,0,NULL,NULL,NULL,NULL
450,7,1,"TDA IBERCAJA 5, FONDO DE TITULIZACION DE ACTIVOS",V85095115,"2007-05-08 00:00:00",99999999.99,NULL,273,411,0,NULL,NULL,NULL,NULL
451,7,1,"TDA IBERCAJA 6, FONDO DE TITULIZACION DE ACTIVOS",V85471001,"2008-06-19 00:00:00",99999999.99,NULL,218,317,0,NULL,NULL,NULL,NULL
452,7,1,"TDA IBERCAJA 7, FONDO DE TITULIZACION DE ACTIVOS",V85825321,"2009-12-17 00:00:00",99999999.99,NULL,211,357,0,NULL,NULL,NULL,NULL
453,7,1,"TDA IBERCAJA ICO-FTVPO, FONDO DE TITULIZACION HIPOTECARIA",V85733970,"2009-07-14 00:00:00",99999999.99,NULL,246,292,0,NULL,NULL,NULL,NULL
454,7,1,"TDA PASTOR 1, FONDO DE TITULIZACION DE ACTIVOS",V83572081,"2003-02-24 00:00:00",99999999.99,NULL,194,202,0,NULL,NULL,NULL,NULL
455,7,1,"TDA PASTOR CONSUMO 1, FONDO DE TITULIZACION DE ACTIVOS",V85081065,"2007-04-24 00:00:00",99999999.99,NULL,251,425,0,NULL,NULL,NULL,NULL
456,7,1,"TDA SA NOSTRA EMPRESAS 1, FONDO DE TITULIZACION DE ACTIVOS",V85501005,"2008-07-31 00:00:00",99999999.99,NULL,203,211,0,NULL,NULL,NULL,NULL
457,7,1,"TDA TARRAGONA 1, FONDO DE TITULIZACION DE ACTIVOS",V85276012,"2007-11-29 00:00:00",99999999.99,NULL,238,260,0,NULL,NULL,NULL,NULL
458,7,1,"TDA UNICAJA 1, FONDO DE TITULIZACION DE ACTIVOS",V85428886,"2010-05-08 00:00:00",99999999.99,NULL,199,233,0,NULL,NULL,NULL,NULL
459,7,1,"UNICAJA ANDALUCIA FTVIVIENDA TDA 1, FONDO DE TITULIZACION DE ACTIVOS",V85825289,"2009-12-10 00:00:00",99999999.99,NULL,272,315,0,NULL,NULL,NULL,NULL
460,7,1,"UNICAJA TDA VPO, FONDO DE TITULIZACION DE ACTIVOS",V85723625,"2009-06-18 00:00:00",99999999.99,NULL,242,282,0,NULL,NULL,NULL,NULL
461,3,1,"HIPOCAT 12, FONDO DE TITULIZACION DE ACTIVOS",V64705866,"1980-01-01 00:00:00",NULL,NULL,NULL,NULL,0,NULL,NULL,NULL,0
462,4,1,"AYT DEUDA SUBORDINADA I, FONDO DE TITULIZACION DE ACTIVOS",V84879741,"1980-01-01 00:00:00",NULL,NULL,NULL,NULL,0,NULL,NULL,NULL,0
463,4,1,"AYT BONOS TESORERIA II, FONDO DE TITULIZACION DE ACTIVOS",V84618792,"1980-01-01 00:00:00",NULL,NULL,NULL,NULL,0,NULL,NULL,NULL,0
464,2,1,"GC FTPYME SABADELL 5, FONDO DE TITULIZACION DE ACTIVOS",V64381593,"1980-01-01 00:00:00",NULL,NULL,NULL,NULL,0,0,NULL,NULL,0
465,5,1,"IM CAJAMAR EMPRESAS 3, FONDO DE TITULIZACION DE ACTIVOS",V85621332,"1980-01-01 00:00:00",NULL,NULL,NULL,NULL,0,0,NULL,NULL,0
466,6,1,"SANTANDER CONSUMER SPAIN 09-1, FONDO DE TITULIZACION DE ACTIVOS",V85638872,"1980-01-01 00:00:00",NULL,NULL,NULL,NULL,0,0,NULL,NULL,0
467,6,1,"FONDO DE TITULIZACION DE ACTIVOS, SANTANDER CONSUMER SPAIN 08-1",V85500973,"1980-01-01 00:00:00",NULL,NULL,NULL,NULL,0,0,NULL,NULL,0
468,1,1,"BBVA RMBS 16 FONDO DE TITULIZACIÓN",V87560744,"2016-05-09 00:00:00",NULL,NULL,245,416,0,0,NULL,NULL,1
